transaction_id,transaction_date,amount,currency,transaction_type,account_number,account_type,transaction_category,merchant_name,credit_card_number
1,3/12/2020,211354.58,COP,transfer,9214208617,investment,investment,Jaxspan,3529074100488163
2,6/27/2022,260103.12,CNY,purchase,8238328712,investment,investment,Trilith,3580795646662772
3,1/31/2020,402110.32,CNY,sale,2720500466,savings,investment,Minyx,201982247986918
4,3/11/2021,64872.92,RUB,purchase,1286884725,savings,expense,Blogtags,0604371031746287791
5,8/8/2021,922902.09,CNY,purchase,5950360091,checking,income,Jetwire,30360099237796
6,3/28/2020,900262.44,CNY,purchase,4371177873,savings,investment,Tagopia,3549827373500550
7,12/14/2021,459819.8,CNY,sale,8891651866,checking,income,Wordware,6706666419435468
8,12/6/2021,80656.01,BRL,purchase,2096865214,checking,income,Wordify,3544323740361517
9,7/20/2019,81522.19,RUB,transfer,6367888617,checking,income,Meejo,4911646268564215769
10,11/22/2020,966095.22,XOF,purchase,4538718183,investment,investment,Wikido,3530968502784896
11,2/11/2023,464968.25,CZK,purchase,2515730174,savings,expense,Jayo,3544558261117554
12,5/14/2019,63012.59,IDR,sale,5469521394,savings,expense,Kanoodle,5602213730725892
13,5/16/2023,451478.92,PLN,purchase,3630322535,savings,investment,Youbridge,3576740290936771
14,8/8/2023,765240.08,CNY,purchase,1092132797,investment,expense,Flashdog,4041374085795054
15,8/13/2022,931727.1,UYU,sale,8292089636,investment,investment,Roombo,5254485238343029
16,10/7/2021,513676.95,,sale,9745872080,savings,expense,Oodoo,4405231127389165
17,10/27/2023,342435.36,CNY,transfer,9058109369,investment,expense,Twimbo,372301453597900
18,5/2/2020,159955.98,,transfer,6617136718,savings,income,Skyvu,675993299235999394
19,6/7/2023,579218.86,RUB,transfer,8655506011,checking,expense,Oyope,5100134670440275
20,9/27/2019,803887.35,NOK,sale,8408076907,investment,investment,Kwideo,3566768008994263
21,12/22/2021,881633.24,CNY,sale,4441941661,checking,income,Jetwire,5641827605099688
22,7/5/2023,873226.05,PHP,transfer,8611630160,investment,investment,Mudo,3528640464406248
23,6/24/2019,706531.48,USD,transfer,9932080079,savings,expense,Quire,3571874318962389
24,11/21/2021,368516.06,,sale,5525650383,checking,income,Tagfeed,5108759120586830
25,9/13/2023,147866.65,CNY,sale,2271177629,investment,expense,Aivee,5602250588889644
26,5/25/2023,106056.61,IDR,sale,6647493782,,income,Oozz,670971067298289426
27,11/2/2023,193582.07,CNY,sale,1593964802,investment,income,Twiyo,5048372773521451
28,5/7/2023,989208.26,EUR,purchase,6217418471,investment,investment,,6763143379896410
29,2/6/2021,822193.14,CNY,transfer,5569859917,checking,income,Mydeo,4049078514356
30,1/3/2021,790768.39,CHF,sale,7713705494,investment,income,Livefish,3558979546232286
31,4/13/2022,58053.93,PHP,sale,7416137187,checking,income,Skidoo,30047193446387
32,6/24/2023,876873.37,NZD,purchase,4495153113,savings,income,Aivee,3546986767809424
33,7/29/2022,248408.84,ETB,sale,7547170683,checking,expense,Shuffledrive,3538931183419556
34,12/13/2020,280262.53,IDR,purchase,6280713398,investment,income,Realcube,5454160491266369
35,4/15/2022,265552.82,CNY,sale,7001983156,checking,investment,Meeveo,337941377351191
36,1/15/2023,965232.7,BRL,purchase,5737385316,savings,income,Muxo,67097678198512978
37,4/4/2020,400325.96,SEK,purchase,8441711707,,income,Dabtype,6334295422811190
38,3/30/2024,684272.56,BYR,sale,6368476114,checking,investment,Jamia,4903287159652901
39,6/18/2021,147830.96,CNY,sale,3241323986,savings,income,Agimba,4905584012920182461
40,9/19/2019,71462.51,TND,purchase,9316795422,investment,investment,Skimia,5386326990748271
41,11/23/2020,639173.21,NZD,sale,2456110702,investment,income,Aibox,6771239025170896567
42,2/21/2021,514420.08,CNY,transfer,3950208429,investment,expense,Edgewire,30485596339371
43,1/4/2024,272071.33,CNY,purchase,1034089723,investment,investment,Jayo,3570011633825170
44,1/21/2020,776206.55,CNY,sale,2654201841,checking,expense,Jetpulse,5048377644016235
45,1/21/2023,122275.7,NZD,sale,7152127043,savings,expense,Ooba,349343011274283
46,9/25/2021,913890.79,XOF,transfer,4770711088,investment,investment,Eayo,5496706799468006
47,11/7/2019,591415.84,UAH,purchase,8542343435,checking,expense,Zazio,3538392119268353
48,7/7/2023,521448.14,CUP,purchase,3621284330,investment,expense,Realcube,6706939284212774816
49,9/26/2023,904777.75,CAD,purchase,7974082754,investment,income,Devcast,56022575590265226
50,5/25/2023,37416.95,PAB,purchase,1840211188,checking,income,Meemm,337941792007055
51,5/12/2023,554751.77,RUB,transfer,8101603348,savings,income,Innojam,3551707948129629
52,1/28/2023,757162.18,SEK,sale,3570987399,,expense,Izio,3545234670356774
53,10/26/2021,123551.48,EUR,transfer,4059203861,checking,investment,Riffwire,4917946328159437
54,4/8/2021,181530.03,NOK,purchase,6782864067,checking,income,Divavu,5602240789884734
55,1/24/2024,59972.76,CNY,transfer,4189508928,checking,income,Chatterpoint,4405029202445328
56,12/28/2021,919283.04,RUB,sale,1592465117,checking,expense,Zoombox,3553287357044393
57,10/24/2022,365118.53,EUR,purchase,8613878821,,investment,Quaxo,374288885081868
58,2/8/2020,361184.45,RUB,sale,1587465623,investment,income,,3549282030221341
59,9/20/2021,662167.76,CZK,purchase,5406967403,checking,investment,Edgepulse,3547039907820031
60,2/29/2020,856807.1,CNY,purchase,1686032741,savings,investment,Rooxo,4917436338834617
61,6/3/2022,437423.95,,transfer,3567374764,savings,investment,Riffpath,502037053763009082
62,4/28/2019,148053.74,CRC,purchase,1343809749,investment,income,Layo,3532644695000253
63,3/9/2021,738865.65,KZT,sale,3765850949,checking,expense,Tambee,337941702648600
64,1/1/2022,722772.53,PHP,transfer,8464613906,checking,income,Centidel,4844974028665485
65,2/3/2021,596690.69,JPY,purchase,2222528466,checking,income,Quatz,6759662847876937002
66,12/4/2020,992957.25,CNY,purchase,4655406638,savings,investment,Meetz,5007663881879537
67,12/9/2019,389571.83,CNY,transfer,5269025654,checking,income,Katz,67599485996953484
68,4/16/2019,572042.31,CNY,sale,3484096578,investment,expense,Gevee,5010125175808429
69,7/10/2022,381645.66,RUB,transfer,2528448868,checking,investment,Chatterpoint,56022161445351352
70,6/8/2021,100030.64,CZK,sale,3751548860,checking,expense,Aimbo,67060461302350855
71,4/28/2023,55801.04,CNY,transfer,5203971134,savings,expense,Livepath,6759024623224816856
72,7/13/2020,959971.44,EUR,purchase,8201447102,checking,expense,,4175002927915493
73,8/13/2023,475256.7,CAD,transfer,7207228655,investment,investment,Digitube,3588169570006350
74,7/5/2021,12590.7,CNY,purchase,6710247872,savings,income,Wikibox,5602231169272962
75,4/6/2021,807693.17,RSD,transfer,3868554626,checking,income,Quimm,3534498095659384
76,12/7/2019,490869.22,EUR,transfer,2000801675,,expense,Fivespan,4903580770464437
77,9/17/2022,724031.42,PEN,transfer,9909412676,savings,investment,Riffwire,4041591956651
78,7/22/2020,194645.45,UAH,sale,3787460414,checking,investment,Mudo,201592792366752
79,5/6/2020,857612.91,UAH,transfer,8087067636,savings,income,Kwideo,6382270291221772
80,7/13/2023,266807.33,CZK,purchase,1548523144,savings,investment,Voonder,3579638997107265
81,10/8/2019,308416.93,CNY,transfer,4500723958,checking,income,Flashspan,3570479440825768
82,6/10/2022,854558.29,WST,purchase,9641258212,savings,expense,Divavu,3581318430860871
83,12/16/2022,817377.42,MNT,transfer,2234471834,investment,income,Riffpath,5602216002739939
84,9/23/2020,452342.0,CNY,purchase,4255122081,checking,investment,Topiclounge,5602239400711250
85,3/2/2024,269430.57,EUR,purchase,6255531511,savings,expense,Twitterwire,374288065512369
86,3/21/2022,946394.29,PHP,purchase,8126415316,checking,expense,Skynoodle,6394027000925192
87,12/22/2021,530780.14,UAH,sale,7855086573,investment,income,Buzzdog,5048370602458275
88,9/27/2019,465262.6,IDR,purchase,5277706135,checking,income,Linkbridge,6759299809782236
89,5/3/2022,495754.81,RUB,purchase,6346859716,checking,expense,Leexo,5602234632504490
90,6/9/2021,135565.3,UZS,transfer,8440339446,checking,expense,Jaxbean,5100179421667932
91,6/15/2022,287516.83,MXN,purchase,3625247771,checking,investment,Jatri,3575874393058711
92,4/11/2023,590536.69,CNY,purchase,6791285846,investment,income,Blogspan,6304359868142453585
93,8/17/2023,27947.75,TND,transfer,5156648115,savings,investment,Skynoodle,0604992901032605
94,12/27/2023,946438.66,HRK,sale,3088845968,savings,income,Tagcat,4913062355873710
95,7/19/2020,883900.21,CNY,purchase,2973974776,savings,investment,Minyx,3545286540551430
96,6/3/2023,497949.08,EUR,sale,6153288353,investment,income,Roodel,3582232157241786
97,9/10/2019,604530.27,CNY,purchase,7323932092,checking,expense,Brainsphere,3567040927869417
98,11/19/2021,377700.73,IDR,sale,9957525974,checking,expense,Oodoo,3550938618280274
99,8/12/2023,291518.79,RUB,sale,7671479840,checking,income,Npath,50200233713257400
100,2/23/2020,920532.09,XPF,sale,8226402514,savings,expense,Centimia,201713665165507
101,7/2/2022,619039.45,SEK,sale,4508149428,savings,expense,Ailane,3563604188548350
102,7/4/2023,974865.51,CNY,purchase,9198707678,checking,investment,Katz,3566327714787576
103,6/1/2023,616514.08,COP,transfer,3983499618,,expense,Skaboo,3551177259142373
104,12/25/2019,699874.42,ARS,purchase,5226995305,savings,income,Jaxspan,201473828171575
105,10/21/2023,459575.31,PHP,transfer,7634877363,savings,income,Ainyx,5100138530910682
106,1/7/2023,351316.65,COP,transfer,6041247054,investment,expense,Blogtags,5007666945928745
107,7/27/2020,780929.12,BOB,purchase,9932988685,savings,income,Tazz,4844788747076737
108,7/17/2023,698801.51,HNL,sale,7018845033,checking,expense,Linkbridge,201951655402338
109,8/28/2023,588469.87,CNY,sale,7836329447,investment,income,Gevee,3541061741115119
110,1/8/2020,180526.47,CRC,transfer,2850251428,investment,expense,Riffwire,6304349320413446453
111,4/5/2020,892156.59,SSP,purchase,3685653364,checking,investment,Feedspan,3535528424800959
112,1/22/2022,758296.01,RUB,purchase,7676344847,checking,expense,,3535416678356953
113,1/4/2023,438874.67,,transfer,8277425557,savings,income,Zoomcast,3558453444273479
114,7/19/2022,114105.84,JPY,sale,1581825690,savings,expense,Bubbletube,3552040310439957
115,6/12/2021,484653.37,DKK,purchase,2222602602,investment,expense,Chatterbridge,3542471350963924
116,2/14/2023,525674.33,SEK,purchase,4898115307,savings,investment,Quimba,3544457856978530
117,4/22/2023,259410.65,BRL,transfer,7266804468,savings,income,Trudoo,50181848562193027
118,12/3/2023,544015.55,IDR,transfer,2670688930,investment,expense,Linklinks,201813222041272
119,1/4/2023,581819.7,EUR,sale,6444239448,checking,investment,Trilith,3562626316873146
120,7/27/2021,181505.45,HNL,sale,2320556873,investment,expense,Aimbo,5007661202527769
121,9/26/2022,525749.33,EUR,purchase,5381884260,investment,expense,Topicblab,4917930959675341
122,11/17/2021,916313.96,CNY,transfer,8653422546,checking,income,Skyble,3536883329697680
123,5/26/2023,364304.91,EUR,sale,7576369109,checking,income,Feedmix,201738596832412
124,12/8/2019,610665.64,USD,sale,5897192045,checking,expense,Wikivu,3572051925920634
125,1/18/2021,315296.62,CNY,sale,7591727728,investment,expense,Feedmix,5602235808636560
126,9/19/2020,227993.84,AMD,transfer,7382580774,checking,investment,Chatterbridge,3535466514249359
127,10/14/2022,39630.03,IQD,transfer,8022050498,savings,income,Browseblab,3536624657242560
128,8/23/2021,243182.84,,transfer,7929714728,investment,investment,Skynoodle,5108758476383024
129,10/3/2021,852203.38,CZK,purchase,8008552790,savings,income,Twimm,3584217400071161
130,3/18/2023,489763.99,ZAR,transfer,6470470938,checking,expense,Blogtag,4913430000958469
131,9/21/2023,282544.84,XOF,purchase,9670571763,checking,investment,Vitz,6396317445178921
132,4/15/2022,720302.06,IRR,sale,8321745423,savings,income,Voonix,5274120583913946
133,5/29/2020,125682.32,CNY,sale,9658902214,investment,income,Plajo,5150369113320762
134,1/25/2023,931482.28,BRL,purchase,3916368337,investment,expense,Zoombeat,5100178701765853
135,5/2/2019,715799.74,CNY,sale,7460781666,savings,expense,,374283687436576
136,7/8/2020,7518.31,BRL,sale,5629226363,,expense,Yambee,6390346075327801
137,10/31/2020,419720.44,CNY,purchase,8102154835,checking,investment,Edgeblab,6767892880743208
138,11/1/2021,587024.26,UAH,purchase,5960842449,investment,expense,Omba,3569917178754083
139,2/19/2021,257880.0,PLN,purchase,8703184479,investment,expense,Abatz,675950590875932203
140,8/9/2023,552959.26,CUP,purchase,7497283851,savings,income,Rhybox,5610142379879076
141,4/9/2023,458601.09,EUR,sale,9013637019,investment,investment,Vidoo,3586714633701026
142,6/20/2022,388830.93,CNY,purchase,2668252063,investment,investment,Ntag,3551013672270378
143,1/7/2021,256094.14,EGP,purchase,8175179444,investment,investment,Realcube,36344368974838
144,11/27/2021,798515.76,CNY,transfer,7724361922,investment,investment,Riffpedia,201528650290726
145,8/13/2021,647042.02,BRL,transfer,4499202822,,expense,Zazio,6389758652863367
146,12/20/2019,378179.78,EUR,purchase,1661397099,investment,expense,Yozio,3551727614829294
147,4/29/2019,121814.76,CNY,transfer,2555013878,savings,income,Yodel,3587771503782923
148,5/28/2021,261212.6,IDR,purchase,6114355791,investment,expense,Twitterworks,3568244534169612
149,1/12/2021,994636.3,SYP,purchase,7693111365,checking,income,Topicware,3580162091889550
150,5/18/2023,663354.2,IDR,sale,4796482051,investment,investment,Jazzy,50388329821128204
151,1/4/2023,637285.45,KRW,sale,9967790051,,expense,Gabvine,3557216535997210
152,5/25/2021,539732.82,COP,transfer,4298650804,savings,income,Gigaclub,3545984847862878
153,1/11/2022,273326.09,EUR,transfer,6563779813,checking,expense,Mydeo,3568742692041226
154,1/17/2021,473401.98,CNY,transfer,6515504636,investment,expense,,5048374822404051
155,10/3/2019,334535.45,CNY,transfer,6177348653,savings,expense,Oba,3584313398214572
156,8/19/2020,974019.45,CNY,sale,1362130906,checking,expense,Zooxo,3571385407377637
157,2/17/2020,402919.7,CNY,purchase,4102237082,,income,Centimia,3589549698004727
158,9/15/2022,461377.8,,purchase,2637367997,investment,investment,Thoughtmix,50189891162823918
159,11/14/2020,997221.77,CNY,purchase,1534108574,checking,income,Voomm,3566359335540761
160,8/22/2023,289258.53,RUB,purchase,9520804384,checking,expense,Gigazoom,201944522294707
161,2/28/2024,605224.16,EUR,sale,3172048571,investment,investment,Zazio,5139373319272229
162,10/16/2023,953351.4,EUR,sale,9467553437,savings,expense,Tagpad,5602232264965245
163,8/4/2022,396290.17,PHP,transfer,6047602575,checking,investment,Topiclounge,3553533598605587
164,5/19/2019,510862.1,XOF,sale,7625866961,savings,investment,Rooxo,67638109926716091
165,10/10/2023,41770.03,IDR,transfer,3646583004,investment,expense,Voomm,67634154966196972
166,11/25/2022,687028.21,IDR,purchase,7462749422,savings,expense,Shufflester,3550858961932653
167,12/8/2023,165671.05,EUR,transfer,3172150794,investment,expense,Avamm,3557851433097554
168,5/27/2019,496942.68,EUR,sale,6861685859,savings,investment,Browseblab,201522102536141
169,1/18/2022,90041.76,IDR,sale,4553759660,,expense,Buzzbean,201802949101105
170,5/11/2021,640977.71,,sale,6888917991,,expense,Avamba,3539795922178123
171,3/23/2020,552626.19,CNY,purchase,2131437654,savings,investment,Youspan,3584091918536043
172,11/29/2020,34175.11,CNY,sale,8681215976,checking,expense,Zoombeat,3557937800314290
173,2/19/2024,626928.84,BRL,transfer,6541141735,checking,expense,Demizz,3583657488985736
174,3/30/2021,709564.14,CNY,purchase,2642490410,investment,investment,Eidel,6759122245386473622
175,7/29/2021,568883.77,EUR,sale,1635609826,savings,income,Pixonyx,3559773779128454
176,12/25/2019,915129.33,CNY,purchase,7276991289,savings,investment,Browsezoom,201486333513453
177,4/18/2019,110907.35,SEK,purchase,3240170744,investment,expense,Riffpath,3534535163043007
178,11/12/2019,154885.08,,sale,6798594091,checking,expense,Kazu,3542057521419977
179,3/15/2024,302992.87,EUR,purchase,8982344602,checking,investment,Wikibox,6767939384955158
180,5/13/2021,283053.76,EUR,transfer,9378568643,investment,income,Wikizz,3546168755586070
181,10/13/2023,200298.66,IDR,transfer,9265041400,savings,investment,Dabjam,670687701720497174
182,2/3/2024,947539.79,IDR,purchase,8601580848,investment,expense,Oyoloo,337941016497496
183,5/6/2021,581992.85,USD,purchase,8287368927,savings,income,Yakijo,3537824994149978
184,9/8/2022,569052.22,NIO,transfer,3641895453,checking,expense,Youtags,3585474012614750
185,2/11/2020,220795.34,EUR,sale,2820190753,investment,investment,Skyvu,3568826657015265
186,4/12/2022,995421.42,CNY,sale,1008558794,investment,investment,Riffwire,6709554246862061
187,3/20/2020,324866.22,IDR,purchase,2111430607,investment,investment,Fatz,4041372525278038
188,7/12/2019,66274.01,MXN,purchase,6644961189,investment,expense,Pixonyx,3584612562981704
189,10/21/2020,11888.59,CNY,purchase,5653796536,investment,income,Photofeed,6388760770088019
190,8/11/2020,411221.12,GBP,purchase,7245885333,checking,expense,Devpoint,3562950585538283
191,5/5/2023,92527.06,NOK,transfer,7390468058,investment,expense,Plajo,50208263525697339
192,7/26/2021,259322.33,COP,purchase,7572148638,savings,expense,JumpXS,5007667917117010
193,12/6/2022,500456.92,IDR,sale,9373346850,savings,investment,Muxo,3532864405933581
194,7/28/2020,52476.93,EUR,transfer,8043163157,savings,income,Skimia,56104613216355534
195,10/24/2021,737747.04,PEN,purchase,2578377419,investment,income,Devbug,3537728575440963
196,1/13/2020,646818.62,,transfer,3695016663,checking,investment,Dynabox,201801408844122
197,11/17/2020,297121.84,RUB,transfer,9236429318,checking,investment,Dynava,5602235802201486
198,11/2/2021,798950.51,SEK,purchase,6696108319,savings,expense,Flashpoint,3570232674973006
199,7/20/2022,65674.68,ZMW,transfer,8029267258,savings,expense,Miboo,3539643032034325
200,10/26/2019,167088.15,ARS,transfer,3579788750,savings,income,BlogXS,50189193819004939
201,8/31/2020,863088.67,CNY,purchase,7881887954,checking,investment,Trudoo,5038502668656796
202,1/11/2023,530159.62,PHP,sale,4873040351,checking,investment,Photobean,503882300871344925
203,9/20/2019,389283.74,ZWL,sale,2563037252,savings,income,Voolia,201773174237304
204,6/5/2023,183795.29,UGX,transfer,5824071745,savings,expense,Blogtag,5602242129047136299
205,12/3/2020,205393.95,CNY,sale,5922261440,savings,investment,Feedfish,201882672367461
206,9/10/2022,215540.38,UAH,sale,1351547627,checking,income,Buzzshare,3560969815597606
207,10/11/2021,350089.14,IDR,purchase,7362457637,checking,income,Trilith,6767928857618479950
208,4/11/2023,365124.9,THB,transfer,4088425069,investment,income,Oozz,3562187281980622
209,8/25/2019,854151.45,RSD,transfer,2497865513,savings,income,Yadel,30270100013427
210,6/4/2021,668916.56,CNY,purchase,8362609609,investment,expense,Ailane,3589994589314936
211,9/2/2022,496491.23,,transfer,4917181333,savings,income,Rhyloo,3588236298814694
212,1/6/2021,565604.05,PHP,purchase,3225722439,checking,expense,Twitternation,3581614201079646
213,11/27/2021,967286.33,USD,sale,7901183425,investment,income,Trupe,5431150027717298
214,11/30/2021,282899.76,MUR,purchase,2094517905,investment,expense,Feednation,201760481727762
215,10/13/2023,424612.79,BRL,purchase,5006302679,checking,expense,Voolith,30262703723536
216,6/21/2022,688307.93,BRL,transfer,2052587454,investment,expense,Youspan,3544502719998025
217,2/1/2022,761910.97,USD,transfer,3285038407,investment,expense,Photolist,3570655619594679
218,9/22/2021,161882.69,VND,purchase,5588550896,investment,income,Jaloo,4844499074414273
219,12/9/2020,136493.29,CNY,purchase,6817229190,,income,,3545946326990371
220,10/13/2021,328104.45,CZK,purchase,3932379119,savings,investment,Topiczoom,6398381625203162
221,1/13/2024,580718.44,CNY,sale,9321552074,investment,expense,Realcube,4017957685859922
222,3/10/2023,988324.99,CNY,sale,4818570916,savings,investment,Vimbo,201533315070919
223,5/15/2022,341472.39,CNY,purchase,7270217914,investment,investment,Edgewire,6771447560499751547
224,1/6/2023,123484.05,SEK,transfer,7609078877,checking,investment,Buzzdog,5100171528428227
225,6/21/2019,747687.55,MAD,purchase,1514607094,savings,income,Fivechat,5162137784307731
226,7/30/2020,568010.49,CNY,transfer,3757478965,savings,investment,Gigabox,3587282459718622
227,6/28/2022,434652.98,JPY,sale,1137253658,savings,investment,Thoughtsphere,3548849692177895
228,5/23/2019,862368.97,CZK,purchase,2326842291,checking,income,,3563702827671656
229,4/13/2021,853481.89,BRL,purchase,2444226372,savings,expense,Plambee,3554259461235059
230,1/15/2021,653740.53,NZD,transfer,6842278007,savings,investment,Skyndu,676760517845602309
231,7/24/2021,160271.84,CNY,purchase,8904293607,savings,expense,Tagfeed,30320674945700
232,5/13/2023,775661.52,JPY,sale,7008095680,checking,investment,Abatz,6767281829859855
233,5/13/2020,435325.55,EUR,purchase,2268760643,investment,investment,Realmix,560225664924634962
234,9/4/2022,464750.27,VND,sale,6638243686,savings,expense,Meejo,6763274485495431
235,12/29/2022,343126.11,EUR,sale,3312766157,investment,expense,Rhynyx,4026848153284835
236,3/3/2021,973076.22,EUR,sale,4899273303,checking,income,Yambee,67091155256245235
237,1/15/2022,86594.26,CNY,transfer,6811354580,investment,income,Livepath,4017958212515979
238,7/27/2019,301978.4,BRL,sale,7283320297,checking,investment,Leenti,50207770824407450
239,1/29/2022,472592.04,CNY,purchase,8385408519,investment,investment,Topiczoom,3584773618570055
240,9/2/2020,398327.61,PLN,sale,2442630772,investment,income,Mynte,4911695861601000
241,3/15/2022,794964.76,EUR,purchase,4177516898,savings,investment,Ntags,3531061523629107
242,6/4/2021,507677.66,IRR,transfer,5144197085,checking,investment,Trilith,3557409346333747
243,10/6/2023,980088.01,IDR,sale,7380979545,investment,income,Jayo,3572537891931985
244,9/16/2022,552379.11,CUP,purchase,5693726531,investment,investment,Gigabox,3557425473095826
245,3/6/2020,232874.27,ETB,transfer,7941512359,checking,income,Oyoba,3550179524340353
246,4/10/2022,722106.3,DKK,transfer,7230398815,investment,expense,Flipstorm,3545607618237125
247,4/9/2020,783489.47,PHP,purchase,7416926413,checking,income,Vinte,5602246638733790
248,6/19/2022,861097.48,CNY,transfer,7678697215,savings,investment,Rhyzio,3586700926729246
249,12/2/2021,363916.49,CNY,transfer,8720582460,checking,investment,Thoughtstorm,56022127765043051
250,1/19/2023,619015.73,CZK,purchase,5642797476,checking,expense,Katz,3585520390557522
251,12/18/2019,436171.99,CNY,transfer,1061105777,savings,investment,Eare,5002359947160328
252,3/16/2020,573930.1,GBP,transfer,3055642291,checking,income,Babblestorm,3543532881550834
253,1/26/2022,624876.14,JPY,transfer,1390715745,savings,expense,Jaxspan,3570409259785605
254,2/21/2022,74839.06,JPY,sale,3647922537,checking,expense,Buzzdog,4936490804276438
255,12/9/2023,231124.11,IDR,sale,8830356878,,investment,Avamm,4911346816250965833
256,7/2/2020,945745.19,PLN,purchase,3147781639,,investment,Bubbletube,201506407084790
257,11/11/2019,477565.54,KRW,transfer,1026853167,savings,investment,Twitterbridge,4903603779118546135
258,3/30/2024,97041.86,IDR,transfer,7007469717,savings,income,Edgepulse,3571125304343401
259,7/23/2019,138433.36,DKK,transfer,2511536667,investment,expense,Ooba,201940047984905
260,7/14/2021,789517.13,EUR,transfer,3807863182,checking,investment,LiveZ,3551168035019407
261,4/4/2019,397529.29,HRK,sale,5345187487,savings,income,Blogspan,3535381054385614
262,9/7/2019,837288.53,CNY,sale,9632812289,checking,investment,Plambee,5602247045093190
263,11/12/2020,749305.41,UAH,purchase,5175478709,checking,income,Fliptune,4917672365902063
264,7/18/2022,490381.8,ZAR,purchase,9030649101,investment,expense,Tazzy,6304808147002928920
265,2/22/2021,793063.78,BRL,sale,3969963637,savings,expense,Tazzy,30065108937712
266,4/6/2021,321898.39,IDR,sale,4035409154,investment,expense,Thoughtworks,3575220644126347
267,12/18/2023,742357.19,RUB,purchase,9873649433,savings,investment,Feedbug,5568932245850869
268,8/13/2020,357591.45,PHP,sale,6816060867,,income,Ntag,4508832804708043
269,11/20/2022,736917.59,IDR,purchase,6596182237,investment,income,Gigaclub,4917941850431650
270,11/22/2019,752968.18,PLN,sale,7928292085,checking,expense,Quatz,3528390704912080
271,6/25/2023,213381.19,CNY,sale,3679081173,savings,income,Skinder,3543374034651999
272,1/2/2020,217491.66,CAD,sale,4246678209,savings,income,Photojam,3584657379282952
273,11/23/2020,798479.63,RUB,sale,5702049181,checking,expense,,374288459972724
274,12/3/2022,887211.52,TND,sale,2720417255,savings,income,Rhybox,490535815930656762
275,9/19/2021,832183.7,USD,sale,3457627316,checking,expense,Fivebridge,30309769860858
276,9/22/2019,209154.45,IDR,sale,3071947832,checking,investment,Kanoodle,3580047846307141
277,4/15/2019,730278.57,XOF,transfer,1168776943,investment,expense,Skyndu,3578327946791947
278,7/20/2019,655274.3,PHP,purchase,5149028172,savings,income,Voonder,374622420691148
279,12/8/2023,4108.36,CNY,transfer,7636243968,savings,income,Realpoint,3528586469650555
280,8/2/2021,965404.82,TZS,sale,4002768626,investment,expense,Brightdog,3541203150433381
281,2/18/2022,404041.96,IDR,purchase,2188520544,savings,expense,Skinte,3546400094011860
282,5/27/2019,554648.57,NIO,sale,8820910975,savings,income,Rhynyx,3573747473188073
283,10/26/2023,133010.18,CZK,sale,3013990873,investment,expense,Npath,4041592438682899
284,3/11/2024,700455.14,,sale,7264922881,investment,expense,Skippad,5469616614917322
285,5/18/2019,49041.87,EGP,transfer,8461011503,checking,investment,Topicstorm,3580899999341909
286,8/13/2020,550864.55,USD,transfer,8150556247,savings,income,Skalith,374622332586634
287,2/15/2021,947957.15,BOB,purchase,7761065244,savings,expense,Voomm,3547748209132545
288,3/11/2022,716316.38,CHF,purchase,7582279557,investment,investment,Yoveo,5007665853714915
289,8/17/2019,886739.69,RUB,purchase,1896296284,checking,income,Agimba,3585951878678094
290,5/19/2023,691407.49,RUB,sale,8650444232,investment,investment,Ntags,560222248398969550
291,9/24/2020,812278.92,IDR,transfer,5947431957,investment,expense,Mycat,3561007971361340
292,4/7/2023,314116.22,CNY,sale,2126420508,savings,investment,Jaxbean,5405200653393054
293,3/7/2024,155745.76,IDR,purchase,2144102172,checking,income,Cogilith,3540536405990510
294,5/26/2021,533537.81,UAH,sale,1969659136,savings,income,Cogilith,201664031700792
295,4/8/2023,440327.4,CNY,sale,6436947272,checking,income,Youspan,201721042140481
296,5/18/2023,463236.62,CNY,transfer,6826103383,investment,income,Avamba,6763817456512103
297,4/4/2020,682911.65,,transfer,9560105786,savings,expense,Realcube,67069976215528066
298,10/22/2022,231657.33,XAF,sale,7105993907,checking,investment,Brightdog,58937488711919681
299,9/28/2021,253815.44,KES,sale,1048317967,investment,expense,Fivechat,5108751379171455
300,6/12/2023,859480.2,IDR,purchase,9743925373,savings,expense,Shuffledrive,67615372706305108
301,12/16/2022,942857.87,CZK,sale,9882822776,checking,investment,Tazzy,374288823083307
302,1/6/2024,318167.44,EUR,sale,9275115792,checking,expense,Oyondu,5109040265979547
303,3/5/2021,928240.15,PHP,sale,4451176854,savings,income,Izio,3564704275443710
304,12/22/2020,589588.39,IDR,transfer,5278723345,checking,income,Youfeed,6333578956816214880
305,10/28/2020,63579.17,ETB,sale,8027956470,savings,expense,Skiptube,3580367170201128
306,7/6/2022,579566.65,IDR,purchase,8317631374,checking,income,Babbleset,3585767644516875
307,8/15/2023,831174.5,ARS,sale,4382990194,investment,income,Brightdog,36073327567686
308,3/31/2023,69372.58,XOF,sale,8171754391,investment,expense,Youtags,3550647573692338
309,4/10/2022,905098.23,CNY,sale,9574439985,investment,income,Twimbo,560223185126145328
310,1/17/2020,336918.4,PHP,transfer,5235049618,checking,income,,5007664006941343
311,8/24/2022,168231.76,NGN,sale,4653524720,investment,investment,Tagcat,5602253184062688084
312,5/24/2023,819929.39,IDR,purchase,8227765460,savings,investment,Skiptube,4844642209870683
313,10/30/2020,665388.66,SEK,purchase,4625480230,checking,income,Camimbo,3549424044649139
314,11/9/2020,976002.01,ILS,sale,6739960768,checking,expense,Topiczoom,63047852240704772
315,1/18/2020,613715.67,PKR,purchase,9372016224,investment,income,Browsecat,3529181728505375
316,11/4/2021,13367.74,PHP,purchase,8943540841,checking,expense,Realcube,3560088358373943
317,8/17/2023,275704.65,COP,sale,5196937233,,investment,Rooxo,5010120769142962
318,1/16/2022,553192.47,IDR,purchase,7718813235,savings,income,Skilith,6304424961785509432
319,1/24/2022,965404.15,ALL,transfer,2647083734,checking,income,Mycat,372180162168843
320,12/29/2020,538998.4,CNY,transfer,8187306424,checking,expense,Meeveo,3584159638239105
321,3/7/2024,42515.9,BRL,transfer,2573138456,savings,income,Skinder,3528325090077270
322,1/13/2021,455107.31,NGN,transfer,2145438873,checking,expense,Wikido,5020523074564648
323,12/12/2023,737157.83,CZK,transfer,4326561115,checking,income,Abata,374622164097403
324,8/21/2022,232359.01,RUB,sale,5036486551,checking,expense,Latz,50380717180862710
325,12/30/2021,65112.33,RUB,transfer,8554561737,investment,income,Twitterwire,3563656943849580
326,4/4/2022,809713.69,CNY,sale,3436197491,checking,investment,Wikivu,374622575927628
327,7/3/2022,610758.82,MXN,sale,8586611140,checking,investment,Thoughtsphere,5602237740150445
328,11/7/2020,236068.31,CNY,sale,8811542482,investment,expense,Bubblemix,3531987141659052
329,11/5/2021,235750.39,CNY,transfer,9267442603,checking,income,Wikivu,4026101301062525
330,10/12/2023,83914.15,EUR,sale,2583298075,savings,expense,Skivee,3541645364571820
331,4/29/2020,771392.4,SEK,purchase,8785382470,checking,investment,Quatz,3558622103306958
332,11/5/2019,989456.74,IDR,sale,9478591349,investment,expense,Voolia,372301785984891
333,7/9/2021,661074.8,IDR,purchase,9339153767,checking,expense,JumpXS,3568160157276023
334,8/17/2020,703723.71,ARS,purchase,7805435417,investment,investment,Youspan,3558900851236431
335,3/27/2020,479716.48,BAM,purchase,8837569409,savings,investment,,3579084628595430
336,10/22/2021,158252.18,RUB,sale,8561750342,checking,income,Meedoo,5100179905952024
337,12/21/2021,681719.23,ALL,purchase,6689466073,checking,investment,Edgetag,3548374940673439
338,3/9/2023,565481.5,BGN,purchase,1729412497,checking,expense,Pixope,63042317851318648
339,7/22/2021,736166.79,PEN,transfer,7387587968,investment,expense,Plajo,5100141890902117
340,8/24/2022,514102.08,NZD,sale,6556071663,savings,investment,Twitternation,4903803876634086782
341,6/18/2019,865568.46,AMD,sale,9780872555,investment,income,Devshare,3574717309864485
342,7/1/2020,421210.79,RUB,transfer,5152310799,investment,income,Quatz,56022184472967502
343,2/6/2024,830705.66,THB,purchase,2063145921,savings,expense,Talane,3557507808354083
344,5/22/2021,944544.78,ZAR,transfer,8736462701,investment,income,Gabvine,5602215272078572
345,7/8/2019,526065.3,IDR,purchase,2157695385,checking,investment,Voomm,6304825730970787
346,12/5/2021,583097.27,CNY,transfer,3759153094,savings,income,Topicblab,675908381115166957
347,2/12/2022,654621.08,CNY,purchase,6503443967,savings,expense,Skivee,5641829074523606929
348,11/27/2023,662145.57,PHP,purchase,5634463937,checking,expense,Gabtype,3553528204880764
349,12/30/2019,578024.66,XAF,transfer,4125537993,investment,expense,Chatterbridge,4041590683843687
350,7/6/2019,274275.72,CNY,purchase,9166165612,investment,investment,,337941305592908
351,11/24/2022,128430.64,VEF,transfer,8881294521,checking,expense,Quatz,374288928083871
352,8/26/2023,210617.17,EUR,purchase,1265091519,,expense,Photofeed,6304412605768925
353,11/17/2021,438786.2,EUR,sale,5222210744,investment,investment,,3538652396174552
354,11/24/2023,666827.45,IDR,transfer,8522151125,savings,income,Camido,5100138615791833
355,11/19/2023,464101.34,CNY,transfer,4813321862,savings,expense,Plajo,3582705160749408
356,4/26/2023,423088.76,IDR,transfer,9065638652,savings,expense,,5610652898013940
357,8/4/2019,107933.3,PLN,transfer,7641946597,savings,expense,Riffpath,5602216427022561628
358,10/11/2020,863751.45,CNY,purchase,7788649583,savings,investment,Aimbu,3582914770192583
359,4/23/2021,621506.81,RUB,transfer,2338437567,savings,investment,Tagchat,4017955897640
360,3/21/2022,340012.84,RUB,sale,1189833542,savings,income,Yamia,670952488044106347
361,9/24/2022,875149.4,THB,transfer,6767635814,savings,investment,Brainlounge,5602247225816618
362,10/7/2019,441091.13,CNY,transfer,3911624388,investment,investment,Quimba,6771335145707653
363,10/22/2021,135663.87,CNY,transfer,4087698188,savings,income,Plajo,560225693339751236
364,9/14/2020,925658.76,PKR,transfer,4822408968,savings,income,,6378307471980714
365,11/23/2021,96344.24,IDR,purchase,6483478792,investment,investment,Demizz,3545160597375508
366,7/2/2021,346598.39,EUR,transfer,7777697757,investment,income,Shufflebeat,3538456534407324
367,3/18/2021,295298.63,IDR,sale,3883901136,savings,investment,Twitterbridge,3559298918987701
368,1/4/2024,808637.08,CNY,transfer,7895586646,savings,expense,,36329746742957
369,11/14/2021,165620.71,CAD,purchase,5563992347,investment,income,Wikizz,3580251622840545
370,4/9/2023,706217.31,CNY,sale,8434756035,investment,income,LiveZ,3572690496547530
371,4/9/2021,24801.44,IDR,sale,3167293991,savings,income,Flipbug,50184797409319526
372,10/27/2023,438967.42,BRL,transfer,5535583919,checking,expense,Voonder,3577376671042548
373,9/16/2021,953137.79,BRL,purchase,6122832855,checking,investment,Skidoo,5100133466615090
374,3/24/2021,479943.6,EUR,sale,8489230157,checking,income,Demimbu,201666936313704
375,1/27/2022,727741.67,EUR,sale,9755082426,savings,income,Voolith,3585861038984037
376,6/1/2019,347927.03,BRL,sale,9532298549,savings,income,Skynoodle,3550232323849254
377,11/10/2021,654444.05,UGX,sale,1489966033,checking,income,Jabbersphere,337941762495967
378,8/17/2021,542026.81,JPY,purchase,5218929989,savings,expense,Dynabox,3548265011267558
379,8/13/2022,740945.14,BRL,sale,4600536848,investment,income,Innojam,4508632400519632
380,12/24/2020,481873.38,CNY,transfer,5689993924,savings,investment,Agivu,3562421769494255
381,9/28/2022,295152.91,PLN,sale,9618413534,checking,expense,Thoughtmix,5641829419977110110
382,7/22/2022,795124.51,IDR,sale,2725582639,checking,expense,Abata,3566385779349799
383,2/12/2021,766465.23,PHP,purchase,2577142804,savings,income,Yacero,30526334195607
384,9/17/2023,191212.52,RUB,transfer,7486682759,checking,expense,Dynabox,67626153394411920
385,6/11/2022,462997.08,CDF,transfer,4952239183,investment,income,Voonder,67096783992854609
386,9/25/2023,956442.47,EUR,sale,3216691199,investment,expense,Voonte,3568488173008926
387,1/5/2023,62868.22,CNY,transfer,4367934785,,expense,,3554254883495431
388,6/3/2022,438213.18,PHP,purchase,5651282532,savings,investment,Oloo,3587466930521701
389,11/13/2020,57356.93,KZT,transfer,8385872854,savings,investment,Brainbox,3585682475847101
390,1/8/2021,236770.62,CRC,sale,1970846472,investment,expense,Avavee,341089489387655
391,4/9/2023,664455.75,NIO,transfer,5126156448,checking,income,Skivee,3533739579715817
392,10/23/2023,659306.66,PLN,transfer,8490900017,checking,expense,Eabox,3552245421781748
393,9/27/2020,814349.12,BRL,purchase,7472380509,checking,expense,Rhybox,633348259401728333
394,9/30/2019,168587.96,PHP,transfer,3933620695,checking,investment,Kazio,3532805443714152
395,11/24/2022,618421.02,RUB,sale,2842848358,savings,income,Innojam,374288812991999
396,11/23/2022,128010.76,CNY,transfer,5911043853,investment,income,Skajo,5002353797384377
397,11/14/2022,977626.18,KYD,purchase,1302309595,investment,investment,,5100142608763361
398,2/21/2022,80282.11,RUB,purchase,3731768097,savings,investment,Avamm,4405907748056149
399,11/9/2020,202316.73,CNY,sale,9808379272,investment,expense,Jabbersphere,3532009635621966
400,6/23/2020,554522.9,RUB,transfer,4566124685,checking,investment,Digitube,4903487884338395700
401,7/4/2019,433311.52,SYP,purchase,7808267622,investment,income,Roodel,374288605692135
402,1/3/2022,212772.87,EUR,purchase,7249686161,checking,income,Miboo,3580405540341404
403,1/22/2021,85414.18,CNY,purchase,7169914261,checking,investment,Centizu,3535411499102611
404,9/30/2021,478911.54,CUP,sale,5807659463,investment,expense,Zoomcast,3572805780554048
405,8/20/2020,862693.24,JPY,transfer,6690486889,investment,investment,Skippad,4175005951199397
406,10/26/2019,570903.64,IDR,purchase,2194080134,investment,expense,Ntags,5490849705261762
407,2/4/2022,186803.34,PLN,sale,9962634041,checking,expense,Edgetag,30067046148113
408,7/31/2023,31536.24,JPY,sale,3518668334,savings,expense,Gabcube,5259544271985842
409,10/26/2020,770020.95,CNY,transfer,4738021876,savings,income,,374283033032756
410,8/22/2022,289840.39,ETB,transfer,4162451561,investment,expense,Gabtype,3547130790446727
411,6/16/2021,459283.99,THB,purchase,2795714463,checking,investment,Skimia,3569119101897325
412,6/30/2020,827393.09,EUR,purchase,5303850145,checking,investment,Dabjam,3530722067248338
413,10/7/2022,849806.46,IDR,transfer,6475011797,savings,expense,,3528136217816916
414,2/23/2022,996304.29,EUR,transfer,2235253270,checking,investment,Feedmix,4905461795775206
415,7/8/2021,634908.42,IDR,purchase,8245202217,checking,income,Demizz,4405258909112945
416,6/13/2023,210034.44,CNY,sale,2226647749,investment,investment,Devbug,4041595009655
417,1/1/2021,123193.72,CUP,sale,8428662434,savings,income,LiveZ,3573182108678209
418,2/2/2021,236624.31,COP,sale,9201100014,savings,income,Skilith,67594384478671612
419,7/30/2022,380980.94,KRW,transfer,1126041671,savings,investment,Quimba,5100176330494788
420,4/19/2021,56590.27,,sale,3917285177,investment,investment,Voolith,340591630334503
421,11/17/2022,117128.69,SEK,sale,5145317204,investment,income,Einti,3585264808028418
422,11/23/2019,720689.36,IDR,transfer,2278700582,investment,income,Latz,3529561919749025
423,10/2/2019,144984.1,CNY,sale,7037426542,savings,income,Oba,5048375099654963
424,1/20/2023,819130.17,CNY,sale,2324089219,savings,income,Edgepulse,374283781243423
425,3/6/2023,947448.73,AUD,sale,3265116307,checking,investment,Quimba,6382715923492050
426,1/31/2021,579601.24,COP,purchase,7356513577,investment,expense,Twitternation,4844146095041276
427,3/31/2023,781073.24,PLN,sale,5388679411,investment,income,Plajo,30512669399543
428,11/29/2019,818058.27,RUB,transfer,1428542862,checking,investment,Skiptube,5372594474298156
429,9/9/2019,981177.67,PHP,transfer,8725842263,investment,expense,Twimm,4913555421112211
430,12/28/2022,791963.47,CNY,purchase,7976325479,savings,income,Jatri,201927008988934
431,8/16/2022,416487.48,PHP,purchase,1967366717,checking,expense,Wordify,3582077190336758
432,11/30/2021,55350.67,IDR,purchase,1421569953,checking,income,Buzzdog,5610280754500071
433,3/26/2024,403388.54,USD,purchase,6166119894,investment,expense,Skipfire,3541104066523945
434,2/11/2022,502013.98,CNY,transfer,2407338962,,expense,Kwimbee,5324431344895961
435,9/2/2023,161298.36,CRC,sale,7820352277,investment,income,Einti,30155363813003
436,7/9/2023,349325.78,EUR,sale,4592842580,savings,investment,Gabcube,3568471818553506
437,7/20/2020,829515.06,CNY,sale,6067630816,investment,income,Abatz,30124553167109
438,5/14/2020,771360.5,TOP,transfer,3275627687,investment,income,Tagtune,3555093661020436
439,8/22/2021,42573.73,PEN,transfer,1869715589,savings,expense,,3561373034875951
440,1/12/2022,904158.89,ARS,purchase,5166270840,checking,income,Yodoo,4041597299536
441,6/4/2020,382628.56,UAH,transfer,7590675405,investment,income,Mycat,5010121324399683
442,8/17/2021,950433.62,CNY,transfer,3708243846,checking,income,Dynabox,3582587880993627
443,6/9/2020,601530.62,COP,transfer,5461430059,savings,expense,Skyble,3551884519588549
444,1/17/2020,735685.45,CRC,sale,5765525961,investment,expense,Miboo,3580344092314107
445,9/22/2020,170071.6,CNY,sale,3628194642,investment,investment,Zoomdog,3588552795095359
446,9/1/2023,260678.0,ALL,transfer,3246453754,investment,investment,Podcat,5602254967079261955
447,10/16/2023,387846.79,IDR,purchase,6329399206,investment,investment,Quinu,5641820737724555140
448,1/21/2021,372335.01,THB,sale,1297422569,savings,expense,Jazzy,374288862780169
449,10/17/2020,495684.62,IDR,purchase,7432823383,savings,expense,Tavu,30183181084573
450,7/30/2023,25477.11,RUB,sale,9717595419,checking,income,Zoozzy,3582657499784590
451,9/18/2023,668776.27,PAB,sale,4225578161,savings,investment,Oloo,3571395813030613
452,3/13/2021,27948.56,SEK,transfer,2662759307,savings,income,Mycat,6759155046309377274
453,7/27/2023,511244.13,IDR,transfer,2214311603,investment,expense,Tagpad,4844972384709913
454,2/8/2023,509467.03,CNY,transfer,1409935541,investment,expense,Flipbug,3560423808425318
455,12/25/2020,136128.08,IDR,purchase,2130425670,investment,expense,Wikizz,3570438106983246
456,4/19/2023,26121.05,CNY,sale,8047050511,investment,income,Cogidoo,4041593927775
457,3/13/2021,663130.05,MXN,sale,6006446670,checking,expense,Quire,5602233857649238
458,6/28/2020,197201.57,IDR,transfer,6577094798,investment,investment,Flipopia,3555702953454711
459,4/30/2020,327428.66,IDR,sale,1902775051,savings,investment,Blognation,5602256879611928
460,1/6/2022,493627.16,EUR,transfer,4020960201,savings,investment,Aibox,4844834199755319
461,10/10/2022,794679.74,COP,transfer,9782767086,savings,expense,Gigazoom,4041371978669
462,1/5/2024,150965.08,CNY,transfer,1614646228,investment,expense,Thoughtbridge,560224369718514781
463,5/12/2022,707123.63,IDR,purchase,8728284731,checking,income,Twinder,201408567097607
464,9/27/2023,116282.3,GYD,purchase,1661367237,savings,expense,Zoovu,3552751452261146
465,11/5/2019,651847.18,CNY,sale,1564201956,savings,expense,Fivebridge,3558097998160531
466,7/30/2019,315554.85,JPY,sale,2770316784,checking,income,,5253220907731829
467,12/24/2019,458498.98,IDR,transfer,9089570453,investment,income,Quinu,30127750378312
468,4/25/2022,35264.91,,transfer,5409649598,checking,investment,Mycat,3538978231403058
469,7/30/2023,885774.74,NIO,purchase,4275486305,investment,income,Youbridge,676327999018525002
470,1/8/2021,869894.73,ILS,transfer,4396564907,,investment,Gabtype,4905680107035906
471,5/1/2022,972676.76,EUR,transfer,6368721931,investment,investment,Twitterworks,5020259650711168
472,3/23/2024,428907.14,CNY,purchase,4444352759,investment,income,Browsezoom,3535460775122843
473,2/17/2024,66806.11,CRC,purchase,5701240838,investment,income,Feedfish,3577152558794653
474,7/19/2021,450724.35,RUB,transfer,7766951481,checking,expense,Skimia,3536188615846276
475,1/2/2023,843769.76,MXN,purchase,7747879826,investment,investment,Vidoo,3571536158620217
476,4/18/2020,71991.69,UAH,transfer,8372462376,checking,income,Meemm,3563198522562573
477,2/11/2022,4851.14,AFN,transfer,7222746973,checking,income,Photofeed,3575268454852213
478,2/18/2024,313762.93,RUB,transfer,9292869686,savings,expense,Myworks,5169075179355241
479,5/30/2021,514638.15,EUR,transfer,6349450064,investment,income,Skiptube,3576804760312648
480,11/20/2023,673080.58,IDR,purchase,8201318576,checking,income,Linklinks,630444918234173095
481,7/17/2022,802836.57,JPY,purchase,1142730406,investment,expense,Yombu,4017950479060922
482,1/30/2022,469868.96,KWD,sale,4547889198,investment,investment,Feedbug,561024641152682534
483,1/14/2021,819502.23,PHP,purchase,2415934083,checking,income,InnoZ,3587903917379729
484,8/16/2019,767374.44,MXN,sale,2374933274,investment,expense,Shuffledrive,3541908295396463
485,11/26/2019,71823.13,,sale,6967685357,savings,income,Meejo,4041371020005938
486,2/21/2023,949695.81,EUR,sale,4807539573,,expense,Teklist,3541274394652821
487,5/8/2019,960746.29,NIO,transfer,3470160044,investment,investment,Kamba,5018759695001361697
488,6/9/2022,218184.79,COP,sale,2458212534,checking,expense,Tagtune,3560492379136232
489,7/9/2020,798328.41,CZK,purchase,6765422814,checking,expense,Quire,5100172789278228
490,4/25/2022,251613.47,CNY,purchase,3399558318,checking,investment,Mydo,374622120741888
491,6/2/2022,968527.94,PLN,sale,3014482701,checking,expense,Wikivu,5222929765440624
492,9/5/2021,702795.81,EUR,transfer,3604496343,investment,income,Skynoodle,201591699220567
493,1/2/2021,110905.12,BRL,purchase,2807588337,checking,expense,Fadeo,374622345938269
494,2/9/2021,118592.93,PHP,transfer,7216523532,checking,investment,Bluejam,3558298761805555
495,10/2/2023,365445.65,PLN,transfer,4136306656,checking,income,Linkbuzz,3547033570282165
496,3/4/2022,651687.61,CHF,sale,4778893413,savings,income,Abata,3561297702443547
497,3/21/2023,24724.58,CNY,sale,5582164454,,investment,Gigashots,5002354291441812
498,1/6/2020,110854.98,PAB,sale,7554808396,investment,investment,Nlounge,56102608839703419
499,8/27/2020,854266.47,CNY,purchase,9970797074,savings,investment,Gabspot,3555673607882914
500,2/22/2023,713441.11,CNY,sale,1205805726,savings,expense,Ozu,67090297041709603
501,3/2/2024,750151.93,MYR,transfer,4841126067,checking,investment,Fivespan,5602217210836707
502,1/6/2024,807293.74,CNY,transfer,9565548665,savings,income,Omba,56022423399638410
503,6/1/2020,565235.38,IDR,purchase,8201288049,investment,income,Avamba,56022545692588114
504,8/2/2023,178525.82,NOK,transfer,6834387496,savings,income,Centidel,3552750210355976
505,8/21/2022,522597.48,CNY,purchase,3854171462,savings,income,Aimbo,5002351533429407
506,5/11/2021,721228.67,EUR,purchase,7330287784,investment,investment,Izio,3582570740325842
507,8/6/2022,338146.29,UAH,transfer,6317529299,checking,expense,Zoonder,5108757789381170
508,3/18/2023,250627.16,BRL,transfer,9293852885,savings,income,Feedfish,4041372772668584
509,5/6/2023,329554.82,IDR,purchase,5313001392,savings,investment,Dablist,3578399266718792
510,11/27/2022,976979.26,PLN,transfer,2934872701,checking,income,Zoomcast,67717695532072824
511,10/5/2022,288586.56,RUB,sale,9440920497,checking,income,Mynte,676130196889411035
512,5/5/2019,209992.83,GEL,sale,7850588252,savings,income,Babbleopia,3545743895001635
513,5/7/2021,598887.22,USD,purchase,7947835832,investment,income,Yakijo,4917038137333393
514,2/6/2023,579036.69,USD,transfer,3593892309,investment,income,Thoughtworks,5610573977484770
515,3/2/2021,45812.99,XAF,sale,6524760125,investment,income,Divanoodle,3535615576761475
516,10/4/2020,855183.77,RUB,transfer,1291726210,checking,income,Oozz,5010129217368699
517,2/2/2023,832161.94,,purchase,1270675632,savings,income,Quinu,30512535131427
518,5/2/2019,890458.98,USD,transfer,7908401983,savings,expense,Yambee,3581553417270468
519,9/15/2023,140147.61,KRW,sale,2027723939,checking,income,Skajo,3571660216763023
520,1/5/2020,625275.68,KZT,purchase,2996339232,investment,investment,Vipe,4041375111248422
521,8/31/2021,14835.25,USD,purchase,8250353199,savings,investment,Innotype,3544528935299922
522,10/30/2020,534740.79,THB,purchase,1283249855,savings,income,Einti,3554891872640335
523,2/17/2023,426940.5,IDR,transfer,3297341024,savings,income,Plambee,4905966070604865353
524,2/5/2024,756485.72,CUP,transfer,2263971568,investment,income,Lazzy,3542742093767115
525,2/29/2020,428177.09,PHP,sale,5764110729,,investment,Innojam,5602257573685150
526,11/24/2022,992997.34,PLN,sale,4627963006,savings,investment,Dabjam,3583211969883315
527,6/29/2021,591262.73,CNY,transfer,8244629147,savings,income,Kwimbee,3561921646690612
528,11/14/2019,868773.36,PLN,purchase,3802161660,checking,investment,Flipstorm,5048374800933485
529,1/24/2021,235238.92,CNY,transfer,1137623293,savings,investment,Rhynoodle,5434597207654351
530,9/29/2023,137256.62,EUR,sale,3656859238,investment,expense,Twitterbridge,30459976422099
531,7/3/2020,495004.46,TZS,purchase,5707141401,savings,expense,Jaxworks,201894503205869
532,6/2/2022,735091.69,BRL,purchase,1902190281,checking,investment,Demizz,3544370576094431
533,10/26/2020,977769.0,EUR,transfer,5634963394,investment,expense,Twimbo,3570529754787242
534,3/17/2021,787549.47,CNY,purchase,7704274882,investment,income,Kazio,6709651572344928
535,5/1/2021,561885.92,IDR,transfer,9461745201,investment,expense,Skyndu,3589856989258346
536,5/1/2019,362599.47,CNY,purchase,8222623321,savings,income,Zoonoodle,3574163249530532
537,8/10/2023,960778.94,EUR,purchase,5197483358,investment,income,,5518755918872352
538,1/2/2023,401345.09,MGA,purchase,8531606963,investment,investment,Devcast,3547143122649348
539,9/1/2022,460407.58,EUR,sale,2281170716,checking,expense,Skalith,3565237405567834
540,2/28/2020,870909.17,EUR,sale,1792371074,investment,expense,Yotz,374622876368647
541,1/29/2024,387728.71,CNY,purchase,4677215380,investment,expense,Dynabox,3558681972192733
542,2/3/2023,605423.73,CNY,sale,5113128584,checking,income,,3576883613046843
543,12/25/2022,828280.36,,transfer,2673979223,investment,investment,Mybuzz,5048370374142859
544,2/2/2023,578350.68,COP,purchase,2452943253,savings,expense,Zoozzy,3583624962260838
545,8/15/2020,963836.6,SBD,purchase,6092302595,checking,income,Yoveo,4268021748467748
546,8/27/2020,763100.99,MKD,purchase,2786230628,savings,income,Pixoboo,3574058478082850
547,7/21/2022,84958.83,RUB,purchase,8476823682,checking,investment,Kayveo,4041373906429
548,4/11/2023,169044.23,HNL,purchase,6160748845,checking,income,Viva,3533510901965317
549,8/9/2021,583581.0,JPY,sale,2583600301,investment,investment,Devify,4844915185767408
550,10/3/2021,811561.48,JPY,purchase,5136245925,investment,income,Mydo,3572017889031924
551,5/4/2022,900526.33,EUR,sale,8571485849,savings,income,Skyndu,3535704856340745
552,8/2/2020,372076.48,RUB,purchase,3279758340,investment,expense,Browsetype,4041371951585452
553,1/6/2020,83898.43,XOF,purchase,5217396270,investment,investment,Avamm,3581108603382310
554,10/4/2019,65676.51,CNY,purchase,4579577359,savings,expense,Meetz,3588066352888601
555,7/29/2019,909890.85,RUB,transfer,3875288785,checking,investment,Shuffletag,4508848474193373
556,3/30/2022,463149.55,CZK,sale,1957199099,investment,income,Photospace,676250883959175087
557,5/23/2023,522958.77,CAD,sale,8925900308,checking,income,Npath,378405199791596
558,8/15/2019,487841.89,CNY,sale,2806437841,investment,investment,Quimm,67624730787468435
559,1/20/2020,956184.1,EUR,transfer,1872170162,savings,income,Realfire,3572467987042408
560,9/19/2021,479612.34,CNY,purchase,3802506436,checking,income,Brainbox,3537286335455987
561,7/29/2020,597607.72,COP,transfer,5470320396,checking,income,Eazzy,5002358358752904
562,7/10/2020,676875.21,BOB,transfer,8904234601,checking,expense,Trudoo,3536458139608647
563,1/23/2020,56417.65,ILS,sale,2597527708,savings,income,Zava,3531220007601376
564,7/2/2021,60377.84,EUR,sale,1422839741,checking,income,Yadel,6761409511154404069
565,9/14/2021,396431.17,COP,sale,2453812613,investment,income,Aivee,30427839929873
566,7/1/2020,108735.21,BRL,purchase,8073364446,,investment,Mynte,5223027087696566
567,4/16/2022,504224.66,BRL,purchase,3490852257,savings,income,Divape,372301947248961
568,4/25/2023,595561.71,,transfer,2672545462,savings,investment,Twitterworks,374622713561131
569,1/6/2020,791073.33,CNY,sale,9136144926,savings,investment,Thoughtstorm,30357605706181
570,2/14/2022,656912.0,,sale,7222996901,savings,investment,Youtags,3532578375241912
571,4/2/2021,167059.46,CNY,purchase,3050404935,investment,investment,Jabberstorm,3589139599894515
572,4/12/2023,583081.58,EUR,purchase,3848564309,investment,investment,Bubblemix,670649315283898772
573,6/30/2022,467028.44,EUR,transfer,4833054915,checking,expense,InnoZ,5100174083596966
574,6/8/2019,995149.89,PHP,sale,2046504336,savings,expense,Gigashots,3544470682759305
575,2/25/2020,920945.03,IDR,sale,3103810994,investment,investment,Oyope,30142438567442
576,3/17/2022,647739.41,CNY,purchase,9021250517,savings,expense,,4026880648242011
577,11/23/2019,838874.53,USD,sale,5476220321,investment,expense,Edgewire,5234877899682999
578,1/7/2021,74274.23,EUR,purchase,1352732891,checking,income,Tazz,6763475681730329
579,12/30/2023,915106.15,SEK,purchase,7363656843,savings,income,Flashpoint,5135577982515433
580,5/4/2022,161158.28,KPW,sale,4293896778,savings,investment,,5100174385346888
581,5/31/2023,776693.4,SEK,sale,9089746185,savings,expense,Janyx,564182954036681420
582,8/23/2020,927515.1,,sale,8112304780,checking,expense,Chatterbridge,3531414478096782
583,5/20/2022,378092.21,ZAR,transfer,2819075227,savings,expense,Kamba,5048379348647422
584,7/12/2020,684060.81,PHP,purchase,1372901102,investment,investment,Tazzy,3562384274540956
585,7/22/2020,961102.87,IDR,transfer,7168309997,,expense,Browsecat,337941710779868
586,9/26/2021,514314.48,IDR,transfer,4102458566,savings,expense,Babblestorm,30506128479706
587,6/29/2019,976342.95,IDR,sale,7084799665,checking,income,Feedbug,3534773351821971
588,6/23/2022,94159.32,KES,sale,4950110868,investment,expense,Realbuzz,3548837991382225
589,1/26/2020,186798.65,CNY,purchase,8767444043,savings,income,Tavu,201421247089647
590,6/27/2020,401734.29,,sale,5316394815,checking,income,Flipopia,3586429074182749
591,7/19/2021,214562.06,ETB,transfer,6965997800,savings,expense,Skinder,4041592311443
592,4/8/2021,167884.28,,transfer,2237682565,checking,income,Gigabox,3548724472517273
593,11/11/2022,860195.57,EUR,transfer,9604443701,checking,income,Realfire,3538059089529243
594,7/18/2020,449580.06,EUR,transfer,6592665815,checking,expense,Podcat,4175007002584395
595,8/11/2020,339154.28,CNY,sale,6343278526,investment,expense,Jabbercube,6761536733110448
596,7/6/2021,989425.59,LKR,purchase,1165483990,savings,income,,6709351112734729203
597,4/12/2022,456704.33,BOB,sale,9409951948,savings,expense,Rhyzio,6384021221895286
598,1/1/2021,100806.86,UZS,purchase,6354283692,investment,investment,Kazio,3538458547112370
599,12/22/2022,371330.77,IDR,sale,5647375402,investment,income,Flipstorm,50206129551037488
600,6/6/2023,243963.23,CNY,transfer,2451559122,savings,expense,Realbridge,3575852460849642
601,5/24/2023,770005.74,LKR,sale,3853985675,savings,income,Lajo,374288129751508
602,7/3/2022,101200.45,CNY,transfer,4964952181,investment,investment,Oloo,30566667067353
603,10/28/2019,831863.64,PHP,purchase,7953502459,investment,investment,Edgetag,3558425512452011
604,5/25/2022,262023.33,THB,sale,9299366218,checking,investment,Lazz,372301345721437
605,6/10/2020,991397.2,CNY,purchase,1548868108,checking,expense,,3546534341462375
606,9/15/2020,179537.99,CNY,transfer,3350262183,,investment,Skippad,6763992347939516
607,12/6/2019,798772.73,SEK,purchase,8978796172,investment,income,Thoughtbeat,6334626485367920
608,2/17/2021,573198.73,PLN,transfer,2317098489,checking,investment,Vinte,3550570838912350
609,2/11/2023,726499.95,JPY,sale,6639288818,investment,investment,Quatz,5610209761728466
610,12/20/2021,226936.47,PLN,purchase,6975435284,investment,expense,Yodoo,5100133246976192
611,10/16/2019,216163.04,CNY,transfer,7783760236,,income,Tagpad,5020585482661821724
612,7/29/2023,633412.82,PEN,sale,6386315688,checking,income,Zava,3555028052562075
613,5/9/2023,210362.15,IDR,purchase,5706699010,investment,expense,Realmix,3551141674994966
614,1/5/2021,559851.93,CNY,sale,2842847967,checking,income,Skyble,3552131736922179
615,4/14/2023,356410.13,,purchase,2691987984,investment,expense,Viva,5400749552087311
616,3/10/2021,201285.38,PHP,purchase,4557295713,checking,income,Meemm,4405736243223064
617,10/19/2023,804052.62,IRR,transfer,8595917580,checking,investment,Devify,3540550084805824
618,4/16/2020,839454.18,IDR,sale,2012827151,checking,income,Bubblebox,6370746296892240
619,12/12/2019,937904.79,COP,purchase,9752932745,savings,investment,Meevee,30150847214464
620,4/29/2021,226176.13,CNY,transfer,9370750618,checking,expense,Quatz,3548737489000695
621,12/20/2023,851206.29,KZT,sale,2718632007,checking,investment,,3535367591437703
622,3/18/2020,599802.66,RUB,purchase,9109007054,investment,investment,,5602210543813220
623,10/5/2019,857206.78,EUR,purchase,9820127083,savings,income,Photojam,6762899438345159995
624,11/13/2022,907873.21,CZK,purchase,9596626783,savings,income,Gabvine,3583425702742675
625,4/15/2019,325329.1,SEK,sale,7264983718,savings,expense,Oba,5100178085516682
626,5/22/2023,665665.19,IRR,purchase,6829976296,investment,expense,Vinte,6380588956094131
627,1/27/2021,784430.45,CNY,sale,7807343460,investment,expense,Riffpath,3560068303766235
628,9/30/2020,256385.44,,transfer,4550815518,savings,income,Gabvine,5602230847401605
629,10/16/2020,797957.75,BAM,purchase,6243331967,investment,investment,Lajo,6334586553564321
630,4/30/2019,203511.92,GTQ,transfer,6656300728,checking,expense,Trilith,3574938551000749
631,2/8/2023,384249.07,CNY,transfer,6643764391,investment,investment,Dabjam,3552253421960163
632,2/3/2021,928306.55,EUR,transfer,3635979564,checking,income,Jetpulse,4026867853028797
633,5/13/2022,893710.01,RUB,sale,4031021212,investment,income,Mynte,56108839562473763
634,1/29/2022,636377.24,HNL,purchase,5001184595,,investment,Gabtune,3584774949278897
635,10/6/2021,843685.42,CRC,transfer,8011220371,checking,investment,Ozu,3556903736237295
636,7/1/2020,277125.7,,sale,6055812308,checking,income,Centizu,3585899542787348
637,1/11/2020,989533.6,UAH,purchase,6354529030,investment,income,Reallinks,4917978462745796
638,9/29/2022,166537.0,CNY,transfer,4627574713,savings,income,Thoughtmix,5264461332739980
639,11/5/2019,17264.95,BRL,transfer,8691255342,checking,income,Eidel,3546381212779192
640,3/19/2023,180471.18,EUR,purchase,4736714633,savings,income,Buzzshare,3542257855014309
641,10/31/2019,603675.59,CNY,transfer,4629138992,savings,investment,Lazz,3587279748050718
642,3/10/2021,725587.43,BRL,purchase,6266739501,checking,expense,Pixoboo,5418001128506527
643,3/2/2024,936518.75,THB,sale,7266697918,savings,income,Omba,30227443972164
644,9/23/2021,203798.18,UAH,transfer,3897967640,savings,income,Oozz,3571343411915348
645,10/26/2020,565958.48,BGN,sale,8166132096,investment,expense,Einti,6767110520928125
646,11/5/2023,846909.52,CAD,transfer,8613611902,checking,investment,Bluezoom,6304161256646930878
647,11/13/2019,199378.05,BRL,sale,5171627564,savings,income,Fatz,5335127982873222
648,5/24/2023,353350.05,IDR,purchase,6615385659,checking,income,Photospace,3554426137052719
649,5/31/2023,446222.83,SEK,sale,2472405437,checking,income,,491153491949181082
650,3/17/2022,267642.61,,purchase,4019988602,investment,investment,Tazz,3550800279610134
651,6/16/2020,517969.38,RUB,transfer,6634741922,investment,income,Divavu,3562190485790748
652,9/8/2019,617231.75,CNY,purchase,1049374855,checking,expense,Skyble,3569055519458831
653,10/24/2020,906962.48,SEK,transfer,1533627629,savings,income,Shuffletag,3549437543299149
654,4/23/2020,837142.29,RUB,transfer,9751725475,investment,investment,Skippad,3553522610026989
655,11/14/2019,27303.18,RUB,purchase,1573930070,investment,expense,Kanoodle,30443824371724
656,12/2/2019,803766.86,CNY,transfer,2935681594,savings,investment,Leenti,4017958746823402
657,1/22/2020,97934.35,SOS,transfer,6631203904,investment,investment,Mydeo,633367871806798533
658,3/4/2024,349688.19,EUR,transfer,5341254545,checking,investment,Fadeo,374283568544324
659,12/19/2020,909542.69,MXN,transfer,9681634517,savings,income,Demizz,3539719117242726
660,9/9/2021,518026.22,IDR,purchase,3855570134,checking,expense,Oba,4844103409752452
661,11/27/2023,910029.24,PKR,transfer,3823161548,savings,investment,Divanoodle,3554938980051523
662,7/26/2021,874723.38,ARS,transfer,6687205252,,expense,Blogpad,3584878848588346
663,7/14/2022,425230.66,THB,transfer,8669778400,investment,investment,Fivebridge,675904034797540809
664,11/21/2020,161266.04,CZK,sale,4926153362,checking,expense,Feedfire,5602259936674087
665,9/3/2021,799064.01,KRW,transfer,3145194694,investment,expense,Miboo,5602217969710178
666,1/10/2024,280615.3,UAH,transfer,4172523796,checking,expense,Realbuzz,3581102466281792
667,1/17/2024,580229.02,PHP,transfer,4500634820,checking,income,Fanoodle,3545536612257914
668,6/3/2019,89079.95,EUR,sale,8946131923,investment,investment,Roomm,5521780725936286
669,11/1/2019,294828.83,THB,transfer,7362721997,investment,income,Abata,3528375855580943
670,1/1/2024,258124.16,CNY,transfer,4947650255,investment,expense,Skajo,3548207390267106
671,11/3/2020,139541.32,KZT,sale,4812646032,savings,investment,Voonyx,502078139083582856
672,4/5/2022,687589.64,BOB,transfer,5028355475,checking,investment,Zoovu,5602235351621225
673,10/8/2022,573727.29,UAH,purchase,6455925497,checking,income,Jabberbean,30109205270310
674,2/20/2020,888041.34,CNY,sale,6819314899,savings,expense,Mudo,3556513466451055
675,8/1/2019,457903.71,PLN,purchase,9311107421,checking,income,Yotz,3575693375984920
676,9/29/2022,277153.43,CNY,transfer,9274313542,checking,investment,Topicstorm,3532090544134549
677,4/11/2023,786120.54,GTQ,purchase,4842693938,,income,Gigashots,3550269488096487
678,2/3/2020,885695.45,CNY,purchase,6776562872,investment,investment,Dynabox,3551565792399015
679,3/25/2024,193450.81,CNY,purchase,4515056856,checking,expense,Flipbug,5602245782377123
680,8/17/2021,697530.76,TZS,sale,8498735166,investment,income,Feedspan,3578067024873387
681,10/24/2019,295114.79,PLN,purchase,7832653939,savings,expense,Ainyx,3563308586305039
682,11/28/2020,124388.86,BRL,transfer,8561831222,checking,expense,Tazz,5602252554933885
683,6/28/2021,449277.28,THB,transfer,8745252373,investment,income,Roodel,3589814880579674
684,9/15/2021,574733.54,EUR,sale,2726253633,savings,income,Meezzy,3559503215988652
685,4/12/2019,853319.52,CNY,sale,4948272425,savings,income,Babblestorm,5602237891305798
686,1/3/2020,575726.31,CNY,transfer,2623838897,checking,investment,Plajo,3585584474472123
687,12/14/2021,490210.7,IDR,transfer,5732297507,,expense,Wikizz,5100146379376451
688,10/15/2019,782338.44,IDR,sale,1325493655,checking,investment,Flipstorm,493658881026211487
689,6/3/2019,823648.14,IDR,purchase,4735239132,savings,income,Tagcat,4041597276921044
690,6/19/2023,315266.08,XAF,purchase,6023481388,checking,investment,,3529154106477269
691,8/17/2019,693531.44,PKR,purchase,2308210911,checking,investment,Edgepulse,3555416247522379
692,6/12/2023,165362.95,UAH,transfer,3739356592,checking,expense,Snaptags,3578055735746927
693,8/7/2020,633085.75,CNY,purchase,7643202147,investment,investment,Geba,3578577307358617
694,11/1/2021,639299.96,AFN,sale,8566368570,checking,income,Feedmix,5610565010872318
695,11/28/2020,99379.06,CNY,purchase,9790009551,checking,income,Bubblemix,374283463266999
696,8/31/2019,91457.96,COP,transfer,3766710370,,investment,Tavu,5602258602416104
697,3/18/2021,920704.87,IDR,sale,4567140858,checking,income,Jaxnation,4508075505846775
698,2/7/2024,557201.04,BGN,purchase,6060622679,checking,expense,Feedbug,3572201874658020
699,7/19/2019,530469.1,PHP,purchase,8127472273,checking,expense,Youspan,3584653601888203
700,4/10/2020,487235.99,ZAR,transfer,8466862805,investment,expense,Yoveo,3562986040350492
701,9/20/2019,793221.22,NOK,sale,2832431889,investment,investment,Gabtune,490596938665952432
702,6/10/2020,529733.73,NAD,purchase,2208642537,savings,expense,Pixonyx,5602243578346477
703,9/7/2021,339926.97,IDR,sale,5213748588,investment,income,Thoughtstorm,3579047726236512
704,10/10/2022,724308.96,IDR,sale,9327556180,investment,expense,Ntag,5602234150716130629
705,10/14/2019,375865.72,,purchase,6083877362,investment,expense,Yata,3562545517199319
706,5/23/2022,800004.63,IDR,transfer,7659747620,checking,income,Meeveo,30327279805866
707,1/25/2022,641894.52,AMD,transfer,7529354690,checking,investment,,3579814678077503
708,7/25/2020,845375.09,PHP,transfer,3347012161,investment,investment,Skyble,3588335847687336
709,12/17/2021,204418.21,BYR,purchase,5033700076,savings,investment,Trupe,4936529334694291606
710,1/3/2021,483407.11,CNY,transfer,7421249777,checking,income,Kazio,5602245320064290
711,8/14/2023,468778.7,BRL,transfer,3300839228,savings,income,Zoombeat,633110277549190113
712,1/30/2022,129565.54,PHP,sale,9953026968,,investment,Yacero,630461766406254666
713,8/4/2020,668918.86,IDR,transfer,3936988448,savings,expense,Tagfeed,5602253761492046
714,8/31/2019,306504.81,IDR,transfer,7588530151,savings,expense,Devcast,3572124458152311
715,5/20/2022,705618.58,TND,purchase,1427654749,investment,income,Cogidoo,3582937612658503
716,4/12/2021,666461.2,SEK,purchase,6805413711,investment,expense,Twiyo,3589988701871773
717,8/24/2022,454967.01,BRL,sale,8725788252,investment,investment,Quatz,5602230321572912327
718,11/4/2021,263500.11,EUR,transfer,2256311932,investment,income,Mybuzz,6762189411272469033
719,6/4/2019,222269.69,JPY,purchase,3552282916,investment,expense,Edgetag,6706872128847128139
720,3/1/2022,25336.1,MUR,purchase,7939005971,savings,expense,Edgewire,3578902781576312
721,8/12/2020,492399.85,VEF,sale,7341391861,investment,income,Photobean,3535124908354273
722,7/27/2020,802298.89,COP,sale,2265670048,savings,expense,Flashpoint,5100170973139065
723,10/4/2022,496191.99,EUR,transfer,8985934305,savings,income,Voonder,3538670051862246
724,5/30/2022,540975.25,USD,purchase,7451113746,investment,expense,Trilia,3576340990049049
725,6/6/2020,732323.08,CNY,sale,7421161594,savings,expense,Kwimbee,374622422398643
726,2/16/2022,742939.47,VND,sale,3302392162,investment,expense,Cogilith,3528463803678660
727,7/5/2022,369048.39,EUR,transfer,4627413601,investment,expense,Avamba,374622559082267
728,11/14/2021,932322.52,CNY,purchase,4975201910,checking,investment,Myworks,3568880360431186
729,2/8/2024,339784.29,PLN,transfer,5839179934,savings,investment,Yamia,3528735012603534
730,12/10/2019,949307.52,RUB,purchase,8747649388,investment,expense,Skiba,30319734000852
731,5/3/2019,873455.35,EUR,transfer,8794468956,investment,expense,Realcube,5602236840544439345
732,6/26/2020,699525.07,EUR,transfer,2267532001,investment,income,Rhynyx,4917508429721802
733,5/3/2019,834794.34,PHP,sale,4978335964,investment,expense,Kamba,3574143927447886
734,8/21/2022,40351.66,SEK,purchase,1181571873,investment,investment,Edgetag,372301680223437
735,6/13/2023,51908.68,PLN,purchase,4674855631,investment,income,Centidel,5503134890051194
736,10/2/2019,885649.06,UAH,sale,5440759125,investment,expense,Dabshots,3548174036457923
737,9/7/2021,775827.92,EGP,sale,4967468790,investment,investment,Tagpad,30138712001629
738,11/26/2021,275583.6,USD,transfer,9903566961,,expense,Gigaclub,3553665466552374
739,7/19/2023,564912.3,XOF,purchase,8511286278,checking,investment,Skimia,3545755071090844
740,11/4/2023,496220.68,VEF,transfer,5888722510,checking,expense,Realfire,3589991669143979
741,12/25/2020,119524.11,EUR,sale,1027424435,savings,expense,Skyba,3571041275455621
742,7/14/2019,904199.11,PLN,transfer,1066822212,savings,investment,Realblab,5602244552170138188
743,11/10/2019,265282.53,RUB,sale,2577819463,investment,investment,Avaveo,30018883751014
744,5/6/2020,752135.44,,purchase,4800127177,savings,income,Livetube,3561794411327912
745,5/6/2019,423178.94,CZK,transfer,2301000146,savings,investment,Meedoo,3547955847392874
746,6/1/2019,883639.1,CNY,purchase,4316210274,checking,income,Youbridge,342127343013114
747,1/25/2023,397550.95,CNY,transfer,2955683178,investment,income,Avavee,201415702952141
748,11/2/2019,645026.38,NOK,purchase,2585234139,savings,investment,Zooveo,5207751056286162
749,6/4/2023,89894.14,BRL,purchase,5352373811,savings,expense,,3567727338735266
750,1/24/2023,998934.03,EUR,sale,8956709820,savings,expense,Gabvine,6759825081515882783
751,1/24/2021,19023.95,IDR,sale,7269509363,checking,expense,Yotz,3568796337835590
752,10/12/2019,907749.92,USD,purchase,5625513969,checking,investment,Tekfly,56022169296269482
753,6/1/2023,867244.03,EUR,purchase,5998774232,checking,expense,Blogpad,5581923462431338
754,8/8/2020,376466.92,EUR,purchase,7930277052,savings,investment,Mydeo,67623974562921298
755,6/20/2020,107418.78,ARS,sale,5005492952,savings,investment,Topiclounge,3541528108861949
756,10/18/2020,531095.82,CNY,sale,8636024599,checking,income,Topicblab,5038589841051522465
757,4/16/2021,842383.17,CNY,transfer,4023562883,investment,income,Rhyloo,201687651062185
758,6/15/2021,880050.23,HNL,sale,9193517906,checking,expense,Rhyzio,6386875154258749
759,1/13/2024,281024.69,IDR,purchase,8130788910,savings,income,Kwimbee,5602249469996353
760,4/18/2021,86407.87,EUR,purchase,3203196992,checking,expense,Yamia,30118810006654
761,3/26/2021,394298.97,EUR,purchase,1412242252,savings,income,Tazz,67623412388255997
762,1/31/2021,124107.69,ALL,transfer,1562133975,savings,investment,Jabberbean,5048376862613376
763,1/24/2020,323853.34,NGN,sale,6479435529,investment,income,Photobug,3559347740203124
764,2/7/2021,381787.36,SEK,transfer,2317900548,investment,income,Meembee,4917022513914893
765,11/14/2021,519874.87,MDL,purchase,9198468513,savings,income,Tagchat,060428213558359441
766,1/9/2022,343223.5,CNY,purchase,5235000267,savings,investment,Skilith,3578077914126721
767,1/21/2022,252448.93,ETB,sale,9661557707,savings,income,Kimia,6709445199418472067
768,5/20/2022,689828.42,JPY,transfer,8286675216,checking,income,Eabox,201781265390726
769,3/17/2023,182076.66,SEK,transfer,7654465311,investment,income,Zoonoodle,3533520479867761
770,7/15/2021,848025.37,SEK,sale,4722715691,savings,expense,Jabbersphere,5100171678890077
771,10/5/2021,386580.59,IDR,transfer,2487803453,investment,expense,,3548083301937362
772,3/10/2022,208600.84,BRL,sale,1268468531,investment,investment,Dazzlesphere,3577362993012377
773,11/22/2020,596731.36,CNY,sale,7525473533,savings,expense,Kayveo,5020997819911357
774,3/2/2021,688505.18,CNY,transfer,9344894901,savings,income,Zoomcast,3530745123266556
775,10/6/2019,904893.06,PLN,transfer,6026137346,savings,expense,Mydeo,36787454499674
776,8/11/2023,889814.1,EUR,transfer,8468746784,checking,income,Skidoo,3570306408202203
777,4/25/2023,640261.38,CUP,purchase,2525511583,investment,expense,Zoomzone,4917218410033072
778,8/5/2021,84970.32,CNY,purchase,1264698441,investment,expense,Rhyloo,3543122146220728
779,8/4/2019,526233.94,BRL,purchase,1392858330,checking,income,Thoughtworks,6304950181680300991
780,10/10/2019,874095.01,PLN,transfer,9387378214,investment,income,Eayo,201440079367467
781,12/7/2019,726141.55,CNY,purchase,9914998564,savings,investment,Jabbersphere,4785047295631
782,8/20/2019,505868.5,PLN,sale,2641015018,investment,investment,Geba,5010125541114155
783,12/5/2019,773815.89,THB,transfer,2879565588,savings,expense,Zooveo,3569171526553983
784,1/16/2022,409489.4,CNY,sale,7214223828,investment,investment,Photojam,5527531273854312
785,4/10/2021,534207.81,IDR,transfer,2269875487,checking,investment,Browsecat,490567304361458155
786,9/12/2023,877181.84,BYR,transfer,2880674183,checking,income,Yakitri,374288066179168
787,11/18/2022,474500.59,CNY,purchase,5661309205,checking,income,Rhycero,6762395620246602
788,4/26/2019,136272.42,THB,sale,3969139897,investment,income,Eamia,5602253064820208
789,5/31/2020,464190.62,CNY,sale,2807932465,checking,investment,Devshare,3531165109588932
790,9/7/2020,25091.21,ZAR,transfer,8445185483,checking,income,Zoombox,3589257003279857
791,1/26/2020,322874.54,PHP,transfer,7943666530,savings,expense,Tagfeed,5048375668487480
792,4/30/2023,726681.66,IDR,sale,7271750901,checking,income,Thoughtblab,3546319653786953
793,3/30/2024,377192.37,RUB,transfer,6674694487,checking,income,,201568594805007
794,10/2/2023,465789.58,BRL,transfer,8694592768,investment,investment,Babbleset,5602234382158893
795,6/8/2022,133076.11,JPY,transfer,7251915038,investment,investment,Gevee,6761536565158978045
796,9/9/2022,610473.18,BGN,transfer,7954171423,savings,income,Fatz,5602224332091898
797,11/29/2019,48675.35,GTQ,purchase,9344594510,checking,expense,Dabtype,5610500474445665
798,12/28/2019,905593.5,GNF,transfer,8113012513,checking,expense,Browsecat,201758650616394
799,2/8/2022,316419.85,RUB,transfer,5229640826,investment,expense,Vimbo,5602247590268106
800,8/1/2023,426942.34,PKR,transfer,3405221818,savings,expense,Tambee,3545336923597490
801,4/2/2020,725292.97,IDR,transfer,1289136129,,expense,Podcat,201745108689081
802,2/23/2024,559212.55,THB,sale,6166166030,savings,expense,Trilith,3548530161421739
803,4/3/2022,103359.09,CNY,transfer,1656692404,checking,income,Twinte,3547508171606359
804,12/19/2021,423198.77,PHP,sale,3154131270,savings,investment,,5100147684165332
805,3/11/2022,500056.42,CNY,purchase,2925210716,savings,expense,Oodoo,6761161919590268030
806,6/5/2023,510536.74,IRR,transfer,1942003946,,investment,Brainverse,5602216537849518
807,9/4/2021,467442.45,CAD,sale,8068569264,savings,investment,Snaptags,5602228453137364
808,6/21/2019,917452.15,MGA,sale,8374137777,investment,income,Tagopia,5602258591330514
809,12/11/2020,670685.99,HNL,transfer,6783455322,checking,expense,Muxo,3535939914616856
810,5/26/2019,442851.67,IDR,sale,8409542548,savings,income,Feedfire,4844011676083982
811,5/19/2020,803330.79,EUR,sale,6154096280,checking,investment,Fivebridge,30462043890405
812,8/18/2019,281407.72,MDL,sale,7358651846,investment,income,Twitternation,490382063226338084
813,12/9/2021,646622.4,IDR,transfer,1451728753,savings,income,Yodel,5518389926753782
814,9/16/2020,426015.09,GBP,transfer,1913684875,investment,income,Feedfish,3552490103104468
815,11/29/2021,380741.66,,transfer,7621551897,investment,investment,Vinte,6761197543119036
816,4/27/2023,718404.0,PHP,transfer,2819838028,checking,investment,Jaxnation,3572957115092275
817,11/23/2023,710696.79,,purchase,8050133856,savings,income,Ailane,5610988812263272
818,1/21/2023,287832.13,RUB,transfer,3775482801,investment,income,Dabjam,3587649126568384
819,6/21/2021,835344.68,CNY,sale,2073950591,investment,investment,Voomm,3551752512694400
820,8/3/2019,977137.63,CNY,purchase,8586612443,investment,income,Innotype,5048377968943295
821,3/18/2022,273252.48,RUB,purchase,7056459476,savings,investment,Leenti,3562177614603058
822,3/29/2022,884913.56,CNY,sale,2716079019,investment,income,Thoughtstorm,6375487462111652
823,4/19/2019,428424.48,PLN,transfer,5452758103,investment,investment,Trudeo,4903957915083746
824,3/24/2024,483135.38,KGS,purchase,1451255712,investment,expense,Brightbean,3587777335708689
825,11/10/2020,973430.92,CNY,sale,9694171599,investment,income,Topdrive,6375770308001132
826,10/6/2020,92658.33,CAD,sale,3823728267,checking,income,Topicstorm,3575121265972490
827,3/15/2022,179852.3,CNY,transfer,8883782971,checking,investment,Kwimbee,5100136079614855
828,7/10/2021,117432.06,HNL,transfer,2218705200,checking,expense,Talane,3560110790125226
829,7/9/2022,368195.08,COP,transfer,8021378643,investment,income,Jetpulse,3576213878731568
830,2/18/2021,282468.53,PEN,transfer,8401126914,savings,expense,Topicstorm,5549387637899715
831,12/22/2019,797367.95,EUR,purchase,1618193299,savings,investment,Yata,3540243343967425
832,1/14/2022,69298.98,CNY,purchase,3545000316,savings,expense,Voonte,6392184120555110
833,2/4/2022,270709.6,PHP,purchase,4135857978,checking,expense,Quamba,3530514778475999
834,11/9/2023,43962.06,IDR,purchase,2299625988,,expense,Dablist,201970582283793
835,5/26/2020,930432.75,EUR,purchase,3653806306,savings,investment,,5100144986491086
836,3/5/2023,779455.16,CRC,purchase,3268215921,checking,income,Rhynyx,5602222595226702222
837,7/28/2022,443050.98,USD,purchase,2486411504,savings,income,Camido,56022355944801962
838,12/27/2022,498813.2,PYG,sale,5744417907,savings,investment,Yodel,30274093843717
839,1/28/2021,796173.53,PLN,transfer,3933043190,checking,income,Bubblemix,3547465126691582
840,9/17/2019,412010.71,IDR,purchase,6378484111,savings,expense,Dazzlesphere,4911705855153554869
841,3/21/2023,534255.47,UYU,purchase,6844827361,savings,income,Devify,3551291147975371
842,10/24/2022,53729.86,EUR,transfer,6617246240,checking,investment,Flashspan,3571404716518425
843,1/21/2020,506705.85,IDR,transfer,6994198210,savings,investment,Zooveo,6706332620082041
844,8/9/2022,944560.65,PHP,sale,7965197466,savings,expense,Skinder,3571867171819399
845,1/17/2024,128538.78,PHP,transfer,9752497915,savings,income,Jayo,374288687362383
846,10/10/2019,336658.51,USD,purchase,5373632100,savings,expense,Zooxo,3578469172290986
847,11/23/2022,618255.06,NGN,purchase,8562719416,investment,income,Meembee,5398209079479156
848,4/24/2022,420428.47,CAD,sale,1504428074,checking,investment,Thoughtstorm,5521158958378023
849,1/10/2021,441093.5,AZN,transfer,5709876541,investment,expense,Yozio,3548554772039664
850,8/19/2019,474157.85,RUB,transfer,1490629062,savings,income,Demizz,3576353018638685
851,3/19/2024,558446.31,DKK,purchase,8306584110,investment,income,Wordpedia,30596501708839
852,3/9/2023,601297.52,KES,transfer,5949606497,checking,investment,Livetube,6759237801759794
853,11/16/2021,79963.47,RUB,purchase,9584467448,checking,expense,Vimbo,3534937342306208
854,12/30/2020,150726.58,EUR,sale,1912395864,savings,expense,Midel,3586458946466725
855,11/9/2021,115646.38,UYU,sale,6506581628,savings,investment,Zoomzone,3579880859519928
856,12/24/2020,706018.01,PLN,transfer,7700825334,savings,income,Realcube,3583707513897818
857,12/15/2023,578005.4,JPY,purchase,6887965295,savings,expense,Yozio,3575899282707540
858,5/13/2023,540037.58,EUR,transfer,4647074166,investment,investment,Katz,3576112638782673
859,4/27/2022,819330.45,CNY,purchase,9549729850,savings,expense,Topicshots,346613970036615
860,4/24/2023,247805.59,USD,transfer,7079483598,savings,expense,Yombu,3538324017846360
861,2/11/2022,912106.83,HNL,transfer,5587331658,investment,income,Demivee,3536079929642735
862,4/12/2019,252375.11,IDR,purchase,1502870151,savings,investment,Mynte,201403389945307
863,5/18/2022,630541.92,IDR,transfer,1659207624,checking,income,Voonte,6759267771742678
864,3/5/2024,954538.53,MYR,sale,7917662087,,income,Realmix,4936869820915857
865,10/23/2019,113081.56,CNY,transfer,5146965304,savings,expense,,4175003081859378
866,11/8/2021,505404.23,MXN,transfer,5095438180,investment,expense,Quinu,5602219932695981
867,12/2/2020,709662.22,PLN,sale,1464827714,savings,income,Quire,560222596659806550
868,9/17/2023,456312.43,CNY,transfer,7644875539,savings,investment,Tagfeed,5010121158698101
869,2/18/2020,819232.79,IDR,sale,5024322375,checking,expense,Tagfeed,201705085354430
870,1/20/2021,920334.38,IDR,sale,3988489395,,income,Eazzy,5537753117325519
871,3/3/2021,637464.24,EUR,transfer,5707605540,checking,expense,Ailane,6334888971173036
872,7/24/2022,15274.97,EUR,purchase,5131916976,checking,income,Trudoo,374622084201176
873,4/20/2019,308179.29,PAB,purchase,2268634587,investment,income,Meemm,201891902401297
874,8/23/2022,839818.73,SYP,purchase,4569832535,investment,investment,Skinte,6762464463890389586
875,3/23/2023,530942.19,COP,purchase,7012763039,investment,income,Tagtune,3578954685378881
876,5/20/2021,662699.04,CNY,purchase,2471472135,checking,investment,Mybuzz,5510914741850576
877,9/14/2023,9537.61,IDR,transfer,4240929806,checking,income,Dabfeed,4911999958265020
878,6/1/2023,192176.09,IDR,purchase,9563520283,investment,investment,Meedoo,3552611873163422
879,12/19/2021,79428.75,IDR,purchase,9843433489,,income,Bubblemix,36517455418872
880,5/3/2021,513361.12,PLN,transfer,6594884089,savings,expense,Voolia,3548823004947816
881,5/22/2022,358419.39,USD,sale,7922174690,investment,investment,Abata,3585885982256431
882,11/11/2023,5747.07,CNY,sale,3460767755,savings,expense,Skyvu,4017957654168677
883,8/16/2021,685257.71,HRK,transfer,7313013320,savings,expense,Fatz,3574982798149968
884,9/24/2020,334205.16,CNY,purchase,1681644441,investment,investment,Skipfire,3529403319892578
885,9/24/2022,950204.19,BRL,purchase,8523933366,savings,expense,Oyonder,3535654487792014
886,5/29/2023,877994.13,EUR,transfer,9957059414,checking,investment,Realbuzz,3568550943912107
887,2/4/2023,749157.68,MXN,purchase,7074727553,checking,expense,Demizz,374283196067599
888,11/7/2021,3692.21,CZK,sale,5612470288,investment,income,Quatz,5303361651833120
889,3/24/2023,149922.81,PHP,purchase,4924300909,investment,expense,Geba,4913369794343407
890,10/4/2022,795637.05,CNY,transfer,8726196861,checking,investment,Jaxbean,6706734155949462
891,8/10/2019,601679.73,XAF,transfer,7131069267,investment,income,Fivespan,3562978478539605
892,6/17/2021,112095.51,IDR,purchase,9509489071,checking,income,Twimm,4041377683696020
893,10/29/2023,555471.66,CZK,transfer,5035206773,savings,expense,Gabtype,4508351422548145
894,8/17/2019,720546.61,CAD,sale,5696648718,savings,expense,Browsezoom,56022382434194203
895,8/30/2023,892428.93,EUR,purchase,5545346362,investment,expense,Kwinu,4911852046962092
896,12/23/2019,934442.58,,purchase,4853059403,investment,income,Topicblab,3531547681092567
897,1/26/2024,720344.9,ARS,sale,5129993429,investment,expense,Demimbu,3557165578500540
898,8/18/2020,366819.67,,purchase,3930161321,checking,expense,Agimba,3537546077736799
899,11/21/2023,489745.26,CNY,sale,2323826073,investment,investment,Gabtype,3585411639893151
900,3/28/2022,469340.56,PEN,sale,9496781305,investment,investment,Demivee,6334721058898841237
901,5/6/2023,339218.39,THB,sale,8330748587,,investment,Topicshots,4175002100210589
902,10/28/2020,108859.86,IDR,sale,6236330406,,income,Centimia,4844168944722955
903,11/7/2022,21997.41,EUR,transfer,1175646121,investment,income,Photobean,344580234291751
904,6/20/2022,889388.43,IDR,transfer,7940076957,investment,investment,Livetube,3582686576806760
905,3/28/2024,552225.71,IDR,sale,2816427707,investment,expense,Midel,5273547082504902
906,3/15/2021,940933.36,SEK,sale,7425079333,investment,expense,Dabfeed,6762970630533585
907,9/10/2020,123250.84,THB,sale,7337862000,investment,investment,Dablist,3586098763805439
908,3/27/2021,251588.76,COP,sale,5170461865,investment,income,Dablist,4026398827473687
909,10/19/2021,89360.88,RUB,purchase,8494085524,checking,investment,Meembee,5641828190012276
910,6/18/2022,345393.36,IDR,sale,7675810804,investment,investment,Avaveo,3529819421238758
911,7/21/2019,492196.62,TZS,sale,3782116968,checking,expense,Quatz,5602243190331964
912,4/12/2019,877860.34,COP,transfer,2100859781,,income,Lazzy,5007669874982402
913,9/23/2019,487323.0,EUR,transfer,7653949724,checking,investment,Wordpedia,3540786201430522
914,4/12/2019,631993.87,KZT,sale,1431690888,savings,income,Vimbo,5010129752508626
915,2/22/2024,907015.31,COP,purchase,9168879192,checking,investment,Kaymbo,67064285710662312
916,1/23/2022,352156.83,BGN,transfer,2367275329,checking,income,Feedspan,4844593692334853
917,7/12/2019,897529.38,,purchase,2296014591,savings,expense,Yoveo,201898578503264
918,9/7/2021,289846.02,CZK,purchase,8319520712,investment,income,Photobug,5010129845680671
919,2/15/2024,742538.27,PLN,sale,7460147209,savings,expense,Zoovu,5038543808015295889
920,7/12/2021,640532.54,ARS,purchase,6580872944,checking,income,Eire,3541482118289925
921,11/12/2020,998022.1,IDR,purchase,2864900417,checking,expense,Gevee,3570291227821898
922,5/18/2022,274962.2,CNY,transfer,4210249627,investment,investment,Tagchat,5002355274772719
923,9/8/2023,130190.74,IDR,transfer,1905433844,savings,investment,Tagopia,30195487222806
924,3/25/2023,228183.49,NOK,purchase,4593294940,savings,investment,Linklinks,30329455797263
925,6/15/2022,734689.94,EUR,purchase,4668664663,investment,investment,Wikivu,3589659454458734
926,2/22/2022,504916.95,CNY,sale,2831448739,savings,investment,Kwilith,677189860431123145
927,7/18/2019,520112.99,VEF,purchase,1501757726,investment,investment,Gabcube,50203301809548995
928,1/28/2023,635819.17,RUB,purchase,2199302861,investment,expense,Lajo,5475870281996661
929,12/4/2023,253378.32,CZK,transfer,5119301395,checking,investment,Brainverse,3578493675271301
930,4/10/2019,597318.3,MNT,sale,6913357990,savings,income,Abata,5602216736143325
931,7/27/2019,122220.11,NGN,transfer,7908170772,savings,income,Youspan,3537872149175786
932,12/23/2022,369799.06,EUR,purchase,5334000701,checking,investment,,3538325877251062
933,7/19/2022,265651.83,CNY,transfer,5946535777,savings,income,Edgewire,4017956768295
934,1/28/2020,331379.95,PHP,sale,1419186105,savings,expense,,337941618109275
935,9/27/2022,544963.59,CNY,sale,2305993134,savings,investment,Photospace,3578445691330537
936,11/4/2020,651993.99,RUB,purchase,6630340493,,expense,Bubbletube,3589499109715299
937,11/18/2019,300911.99,ALL,transfer,6282698657,investment,income,Omba,5002353258609932
938,1/31/2024,198664.71,PHP,sale,9436146061,savings,expense,Gigashots,4508459827593507
939,8/31/2022,515612.6,IDR,transfer,2905740473,savings,income,Brainbox,3535423597615949
940,3/15/2020,579183.77,,transfer,1107468998,savings,expense,Kayveo,58937134648823071
941,11/25/2022,245501.81,CNY,purchase,9649463347,savings,expense,Jayo,589387709418095288
942,10/8/2021,513787.39,CNY,purchase,3251311856,checking,expense,Rhynyx,670698554575581676
943,10/5/2023,264267.1,MYR,transfer,6395096069,,investment,,5020571272095507932
944,7/25/2020,290319.19,PHP,sale,9410821946,checking,expense,Feedspan,3548297579173811
945,1/26/2024,686243.96,TJS,sale,2544671924,,investment,Brainverse,3555711117189048
946,11/24/2021,720285.87,IDR,purchase,6341714167,savings,income,Riffpedia,6370349721905941
947,9/25/2019,478176.3,GTQ,transfer,9987751339,,expense,Teklist,3581016199383115
948,10/4/2019,787794.32,EUR,sale,9210410743,savings,income,Wordtune,378661484527588
949,4/23/2020,939305.13,RUB,sale,6782659784,savings,income,Skimia,4405461454264166
950,8/31/2021,703264.0,CNY,purchase,1749305342,investment,investment,Eimbee,50207845651160651
951,11/16/2021,974631.44,COP,transfer,2775855206,investment,income,Zooveo,3534069360394807
952,11/24/2019,458709.85,RUB,sale,3627205123,savings,expense,Fivespan,4508220672185140
953,10/1/2019,867305.98,KWD,transfer,8134308323,savings,income,Avavee,675978649837213637
954,8/28/2021,417473.89,CNY,transfer,1040207757,investment,expense,Jabbertype,201816535264796
955,11/26/2020,352908.52,MNT,transfer,6435888136,checking,expense,Quaxo,676361883847481743
956,12/27/2022,391237.99,EUR,purchase,9190604564,investment,expense,Devify,5100139198074316
957,7/24/2019,887881.55,RUB,sale,2488689131,investment,expense,Kanoodle,30211537859370
958,3/28/2022,111349.11,CNY,transfer,5777062176,checking,expense,Fivebridge,3528287693013591
959,11/4/2020,827378.57,CNY,purchase,4295435011,checking,investment,Dynava,4026517839752834
960,11/9/2020,264931.71,XOF,transfer,5913472531,investment,expense,,3544016812227968
961,9/27/2020,252440.56,JPY,sale,5800824689,checking,investment,Realpoint,3567714089905066
962,11/14/2019,507552.94,MXN,sale,9619555320,savings,investment,Edgetag,4026445220028574
963,11/29/2022,849313.98,CNY,purchase,2456567153,investment,expense,Gigaclub,4017955943329
964,7/3/2020,910390.52,IDR,sale,2101176308,savings,expense,,3576378664420815
965,11/1/2023,297198.1,PLN,purchase,9022643719,savings,expense,Centidel,3540966832415742
966,5/9/2021,958632.3,ARS,transfer,6219354746,savings,income,Topdrive,5602247306082916
967,3/23/2023,705919.83,JPY,sale,5066947059,savings,expense,Mynte,5230197412785516
968,8/22/2021,379375.11,XOF,purchase,3326814777,checking,income,Fivespan,5602236774561345
969,8/6/2020,201793.92,PLN,sale,9049736007,investment,income,Yakitri,30516348443275
970,10/3/2019,225867.27,XOF,purchase,5891579081,investment,income,Browsedrive,5428663679580470
971,11/25/2019,527821.85,MGA,sale,1514596067,investment,expense,Quamba,630497308142573923
972,5/28/2019,496844.2,RUB,sale,7799408468,checking,income,Twitterbeat,5494620714087050
973,4/5/2023,776794.0,PHP,purchase,1900844968,investment,investment,Jabberbean,3584608823611528
974,6/17/2022,616519.47,NOK,transfer,2518719708,,investment,Brainsphere,3586001224094908
975,8/31/2023,429314.66,IDR,transfer,3454348120,checking,investment,Cogibox,30425576627890
976,12/22/2022,59496.51,EUR,sale,5215200828,checking,investment,Plambee,5002354978044590
977,10/6/2023,480717.31,UAH,sale,8793839987,checking,expense,Voomm,6304564425577017
978,6/5/2019,313315.1,USD,sale,5512543608,checking,investment,Feedfire,3534573627314169
979,3/27/2023,727973.66,ARS,sale,9130090282,savings,income,Flashset,56105175507102644
980,2/27/2023,37741.04,IDR,sale,3919746270,investment,expense,Brightdog,670663095202915151
981,6/24/2020,721709.26,IQD,sale,6608714808,checking,investment,,3568890802851396
982,10/30/2019,722968.81,BRL,purchase,5690408937,savings,income,Reallinks,5602259491701564
983,2/13/2021,580812.81,UAH,transfer,8679875663,investment,investment,Eadel,503877164362014687
984,10/15/2019,917515.43,CZK,transfer,1509237565,checking,investment,Zoonoodle,6391346147058581
985,7/7/2021,900920.15,RUB,sale,5993101012,savings,income,Livefish,4175005295847214
986,12/30/2022,14255.47,SYP,purchase,3819035910,investment,investment,Cogibox,5002358950850957
987,7/9/2020,350497.55,,transfer,3630442176,savings,investment,Mydeo,5602228502670316
988,8/1/2020,566458.38,UAH,purchase,3623073938,savings,investment,Izio,3557623927861351
989,6/14/2020,116585.76,CNY,sale,9181247660,savings,income,Lajo,5038537742982605622
990,4/11/2019,735302.17,IDR,transfer,1657847645,savings,income,Voolia,3533231745416454
991,8/26/2019,117912.72,GTQ,transfer,8890741524,checking,expense,Flipstorm,3535800198999048
992,5/27/2022,419359.34,TZS,sale,6508099881,investment,investment,Aivee,4175007738802277
993,7/1/2019,793055.67,EUR,purchase,3024868687,investment,expense,Linktype,3559513722161206
994,10/3/2022,650811.95,DKK,transfer,9194404373,savings,investment,Aimbo,3535586911793939
995,9/10/2022,924314.66,CNY,transfer,3609233754,savings,investment,Yambee,4844945553641133
996,8/25/2019,914137.44,RUB,transfer,5474512580,investment,investment,Skipstorm,3535120045345463
997,10/5/2019,969727.94,YER,transfer,1592965668,investment,income,Tekfly,5602257222740190
998,2/11/2020,518682.43,CNY,sale,7713560943,checking,expense,Quimba,5048376722132765
999,8/12/2021,796274.76,CNY,transfer,4740023192,investment,expense,Twitterbridge,3571179976929153
1000,7/18/2021,562864.49,,purchase,6284201056,savings,income,Oloo,5602211947594804481
